{
    "type": "ACCOUNT",
    "export-version": "4.2.0 ",
    "export-date": "25-3-2024 01:05:24",
    "schema": [
        {
            "attributeId": 39,
            "attributeKey": "userLink",
            "displayName": "Account-User Mapping",
            "multiValued": true,
            "attributeDataType": "STRING",
            "attributeState": "ACTIVE",
            "attributeType": "COLLECTED",
            "length": 255,
            "extended": false,
            "used": true,
            "required": false,
            "searchable": false,
            "typeAheadSearchable": false,
            "quickSearchable": false,
            "sortable": false,
            "listable": false,
            "quickInfo": false,
            "curatable": false,
            "allowStaticMapping": false,
            "entityType": "ACCOUNT",
            "entityTypeModifiable": true,
            "truncatable": false,
            "joinable": false,
            "excludedFromSearch": false,
            "excludedFromCuration": true,
            "advancedSearchable": false,
            "reviewCriteria": false,
            "businessRoleCriteria": false,
            "targetEntity": "CAccountUser",
            "excludedFromQuickSearch": false,
            "excludedFromSorting": true,
            "idmOnly": false,
            "reviewable": false,
            "readOnly": false,
            "excludedFromReview": false,
            "clobAttr": false
        },
        {
            "attributeId": 412,
            "attributeKey": "collectedUsersOwners",
            "displayName": "Account custodian mapping",
            "multiValued": true,
            "attributeDataType": "STRING",
            "attributeState": "ACTIVE",
            "attributeType": "COLLECTED",
            "length": 256,
            "extended": false,
            "used": true,
            "required": false,
            "searchable": true,
            "typeAheadSearchable": false,
            "quickSearchable": false,
            "sortable": false,
            "listable": false,
            "quickInfo": false,
            "curatable": false,
            "allowStaticMapping": false,
            "entityType": "ACCOUNT",
            "entityTypeModifiable": true,
            "truncatable": false,
            "joinable": true,
            "excludedFromSearch": false,
            "excludedFromCuration": false,
            "advancedSearchable": false,
            "reviewCriteria": false,
            "businessRoleCriteria": false,
            "excludedFromQuickSearch": false,
            "excludedFromSorting": false,
            "idmOnly": false,
            "reviewable": false,
            "readOnly": false,
            "excludedFromReview": false,
            "clobAttr": false
        },
        {
            "attributeId": 36,
            "attributeKey": "accountId",
            "displayName": "Account ID from Source",
            "multiValued": false,
            "attributeDataType": "STRING",
            "attributeState": "ACTIVE",
            "attributeType": "COLLECTED",
            "length": 2000,
            "extended": false,
            "used": true,
            "required": true,
            "searchable": false,
            "typeAheadSearchable": false,
            "quickSearchable": false,
            "sortable": false,
            "listable": false,
            "quickInfo": false,
            "curatable": false,
            "allowStaticMapping": false,
            "entityType": "ACCOUNT",
            "entityTypeModifiable": true,
            "truncatable": false,
            "joinable": false,
            "excludedFromSearch": true,
            "excludedFromCuration": true,
            "advancedSearchable": false,
            "reviewCriteria": false,
            "businessRoleCriteria": false,
            "excludedFromQuickSearch": false,
            "excludedFromSorting": false,
            "idmOnly": false,
            "reviewable": false,
            "readOnly": true,
            "excludedFromReview": false,
            "clobAttr": false
        },
        {
            "attributeId": 38,
            "attributeKey": "description",
            "displayName": "Account Description",
            "multiValued": false,
            "attributeDataType": "STRING",
            "attributeState": "ACTIVE",
            "attributeType": "COLLECTED",
            "length": 2000,
            "extended": false,
            "used": true,
            "required": false,
            "searchable": true,
            "typeAheadSearchable": true,
            "quickSearchable": true,
            "sortable": true,
            "listable": true,
            "quickInfo": true,
            "curatable": true,
            "allowStaticMapping": true,
            "entityType": "ACCOUNT",
            "entityTypeModifiable": true,
            "truncatable": true,
            "joinable": false,
            "excludedFromSearch": false,
            "excludedFromCuration": false,
            "advancedSearchable": true,
            "reviewCriteria": false,
            "businessRoleCriteria": false,
            "excludedFromQuickSearch": false,
            "excludedFromSorting": false,
            "idmOnly": false,
            "reviewable": false,
            "readOnly": false,
            "excludedFromReview": false,
            "clobAttr": false
        },
        {
            "attributeId": 37,
            "attributeKey": "name",
            "displayName": "Account Name",
            "multiValued": false,
            "attributeDataType": "STRING",
            "attributeState": "ACTIVE",
            "attributeType": "COLLECTED",
            "length": 2000,
            "extended": false,
            "used": true,
            "required": false,
            "searchable": true,
            "typeAheadSearchable": true,
            "quickSearchable": true,
            "sortable": true,
            "listable": true,
            "quickInfo": true,
            "curatable": true,
            "allowStaticMapping": true,
            "entityType": "ACCOUNT",
            "entityTypeModifiable": true,
            "truncatable": true,
            "joinable": false,
            "excludedFromSearch": false,
            "excludedFromCuration": false,
            "advancedSearchable": true,
            "reviewCriteria": false,
            "businessRoleCriteria": false,
            "excludedFromQuickSearch": false,
            "excludedFromSorting": false,
            "idmOnly": false,
            "reviewable": false,
            "readOnly": false,
            "excludedFromReview": false,
            "clobAttr": false
        },
        {
            "attributeId": 40,
            "attributeKey": "type",
            "displayName": "Account Type",
            "multiValued": false,
            "attributeDataType": "STRING",
            "attributeState": "ACTIVE",
            "attributeType": "COLLECTED",
            "length": 255,
            "extended": false,
            "used": true,
            "required": false,
            "searchable": true,
            "typeAheadSearchable": false,
            "quickSearchable": false,
            "sortable": false,
            "listable": true,
            "quickInfo": false,
            "curatable": true,
            "allowStaticMapping": true,
            "entityType": "ACCOUNT",
            "entityTypeModifiable": true,
            "truncatable": false,
            "joinable": false,
            "excludedFromSearch": false,
            "excludedFromCuration": false,
            "advancedSearchable": false,
            "reviewCriteria": true,
            "businessRoleCriteria": false,
            "excludedFromQuickSearch": false,
            "excludedFromSorting": false,
            "idmOnly": false,
            "reviewable": false,
            "readOnly": false,
            "excludedFromReview": false,
            "clobAttr": false
        },
        {
            "attributeId": 165,
            "attributeKey": "disabled",
            "displayName": "Account Disabled",
            "multiValued": false,
            "attributeDataType": "BOOLEAN",
            "attributeState": "ACTIVE",
            "attributeType": "COLLECTED",
            "length": 255,
            "extended": false,
            "used": true,
            "required": false,
            "searchable": false,
            "typeAheadSearchable": false,
            "quickSearchable": false,
            "sortable": false,
            "listable": false,
            "quickInfo": false,
            "curatable": true,
            "allowStaticMapping": true,
            "entityType": "ACCOUNT",
            "entityTypeModifiable": true,
            "truncatable": true,
            "joinable": false,
            "excludedFromSearch": false,
            "excludedFromCuration": false,
            "advancedSearchable": false,
            "reviewCriteria": false,
            "businessRoleCriteria": false,
            "excludedFromQuickSearch": false,
            "excludedFromSorting": false,
            "idmOnly": false,
            "reviewable": false,
            "readOnly": false,
            "excludedFromReview": false,
            "clobAttr": false
        },
        {
            "attributeId": 43,
            "attributeKey": "userId",
            "displayName": "Account Provisioning ID",
            "multiValued": false,
            "attributeDataType": "STRING",
            "attributeState": "ACTIVE",
            "attributeType": "COLLECTED",
            "length": 255,
            "extended": false,
            "used": true,
            "required": false,
            "searchable": false,
            "typeAheadSearchable": false,
            "quickSearchable": false,
            "sortable": false,
            "listable": false,
            "quickInfo": false,
            "curatable": false,
            "allowStaticMapping": true,
            "entityType": "ACCOUNT",
            "entityTypeModifiable": true,
            "truncatable": false,
            "joinable": false,
            "excludedFromSearch": true,
            "excludedFromCuration": true,
            "advancedSearchable": false,
            "reviewCriteria": false,
            "businessRoleCriteria": false,
            "excludedFromQuickSearch": false,
            "excludedFromSorting": false,
            "idmOnly": false,
            "reviewable": false,
            "readOnly": false,
            "excludedFromReview": false,
            "clobAttr": false
        },
        {
            "attributeId": 586,
            "attributeKey": "idmAccountId",
            "displayName": "IDM Account ID",
            "multiValued": false,
            "attributeDataType": "STRING",
            "attributeState": "ACTIVE",
            "attributeType": "COLLECTED",
            "length": 255,
            "extended": false,
            "used": true,
            "required": false,
            "searchable": true,
            "typeAheadSearchable": false,
            "quickSearchable": true,
            "sortable": false,
            "listable": true,
            "quickInfo": true,
            "curatable": false,
            "allowStaticMapping": false,
            "entityType": "ACCOUNT",
            "entityTypeModifiable": true,
            "truncatable": false,
            "joinable": false,
            "excludedFromSearch": false,
            "excludedFromCuration": false,
            "advancedSearchable": false,
            "reviewCriteria": false,
            "businessRoleCriteria": false,
            "excludedFromQuickSearch": false,
            "excludedFromSorting": false,
            "idmOnly": false,
            "reviewable": false,
            "readOnly": false,
            "excludedFromReview": false,
            "clobAttr": false
        },
        {
            "attributeId": 42,
            "attributeKey": "logicalId",
            "displayName": "Provisioning Driver Logical ID",
            "multiValued": false,
            "attributeDataType": "STRING",
            "attributeState": "ACTIVE",
            "attributeType": "COLLECTED",
            "length": 255,
            "extended": false,
            "used": true,
            "required": false,
            "searchable": false,
            "typeAheadSearchable": false,
            "quickSearchable": false,
            "sortable": false,
            "listable": false,
            "quickInfo": false,
            "curatable": false,
            "allowStaticMapping": true,
            "entityType": "ACCOUNT",
            "entityTypeModifiable": true,
            "truncatable": false,
            "joinable": false,
            "excludedFromSearch": true,
            "excludedFromCuration": true,
            "advancedSearchable": false,
            "reviewCriteria": false,
            "businessRoleCriteria": false,
            "excludedFromQuickSearch": false,
            "excludedFromSorting": false,
            "idmOnly": false,
            "reviewable": false,
            "readOnly": false,
            "excludedFromReview": false,
            "clobAttr": false
        },
        {
            "attributeId": 248,
            "attributeKey": "aliases",
            "displayName": "Account Aliases",
            "multiValued": true,
            "attributeDataType": "STRING",
            "attributeState": "ACTIVE",
            "attributeType": "COLLECTED",
            "length": 2000,
            "extended": false,
            "used": true,
            "required": false,
            "searchable": false,
            "typeAheadSearchable": false,
            "quickSearchable": false,
            "sortable": false,
            "listable": true,
            "quickInfo": false,
            "curatable": false,
            "allowStaticMapping": false,
            "entityType": "ACCOUNT",
            "entityTypeModifiable": true,
            "truncatable": false,
            "joinable": false,
            "excludedFromSearch": false,
            "excludedFromCuration": false,
            "advancedSearchable": false,
            "reviewCriteria": false,
            "businessRoleCriteria": false,
            "excludedFromQuickSearch": false,
            "excludedFromSorting": true,
            "idmOnly": false,
            "reviewable": false,
            "readOnly": false,
            "excludedFromReview": false,
            "clobAttr": false
        },
        {
            "attributeId": 45,
            "attributeKey": "connAcctId",
            "displayName": "Connected Account Provisioning ID",
            "multiValued": false,
            "attributeDataType": "STRING",
            "attributeState": "ACTIVE",
            "attributeType": "COLLECTED",
            "length": 255,
            "extended": false,
            "used": true,
            "required": false,
            "searchable": false,
            "typeAheadSearchable": false,
            "quickSearchable": false,
            "sortable": false,
            "listable": false,
            "quickInfo": false,
            "curatable": false,
            "allowStaticMapping": false,
            "entityType": "ACCOUNT",
            "entityTypeModifiable": true,
            "truncatable": false,
            "joinable": false,
            "excludedFromSearch": true,
            "excludedFromCuration": true,
            "advancedSearchable": false,
            "reviewCriteria": false,
            "businessRoleCriteria": false,
            "excludedFromQuickSearch": false,
            "excludedFromSorting": false,
            "idmOnly": false,
            "reviewable": false,
            "readOnly": false,
            "excludedFromReview": false,
            "clobAttr": false
        },
        {
            "attributeId": 166,
            "attributeKey": "lastLogin",
            "displayName": "Last Login Date",
            "multiValued": false,
            "attributeDataType": "DATE",
            "attributeState": "ACTIVE",
            "attributeType": "COLLECTED",
            "length": 255,
            "extended": false,
            "used": true,
            "required": false,
            "searchable": true,
            "typeAheadSearchable": false,
            "quickSearchable": false,
            "sortable": false,
            "listable": false,
            "quickInfo": false,
            "curatable": false,
            "allowStaticMapping": true,
            "entityType": "ACCOUNT",
            "entityTypeModifiable": true,
            "truncatable": true,
            "joinable": false,
            "excludedFromSearch": false,
            "excludedFromCuration": false,
            "advancedSearchable": false,
            "reviewCriteria": true,
            "businessRoleCriteria": false,
            "excludedFromQuickSearch": false,
            "excludedFromSorting": false,
            "idmOnly": false,
            "reviewable": false,
            "readOnly": false,
            "excludedFromReview": false,
            "clobAttr": false
        },
        {
            "attributeId": 164,
            "attributeKey": "privileged",
            "displayName": "Privileged Account",
            "multiValued": false,
            "attributeDataType": "BOOLEAN",
            "attributeState": "ACTIVE",
            "attributeType": "COLLECTED",
            "length": 255,
            "extended": false,
            "used": true,
            "required": false,
            "searchable": false,
            "typeAheadSearchable": false,
            "quickSearchable": false,
            "sortable": false,
            "listable": false,
            "quickInfo": false,
            "curatable": true,
            "allowStaticMapping": true,
            "entityType": "ACCOUNT",
            "entityTypeModifiable": true,
            "truncatable": true,
            "joinable": false,
            "excludedFromSearch": false,
            "excludedFromCuration": false,
            "advancedSearchable": false,
            "reviewCriteria": false,
            "businessRoleCriteria": false,
            "excludedFromQuickSearch": false,
            "excludedFromSorting": false,
            "idmOnly": false,
            "reviewable": false,
            "readOnly": false,
            "excludedFromReview": false,
            "clobAttr": false
        },
        {
            "attributeId": 44,
            "attributeKey": "state",
            "displayName": "Account State",
            "multiValued": false,
            "attributeDataType": "STRING",
            "attributeState": "ACTIVE",
            "attributeType": "COLLECTED",
            "length": 255,
            "extended": false,
            "used": true,
            "required": false,
            "searchable": false,
            "typeAheadSearchable": false,
            "quickSearchable": false,
            "sortable": false,
            "listable": false,
            "quickInfo": false,
            "curatable": false,
            "allowStaticMapping": true,
            "entityType": "ACCOUNT",
            "entityTypeModifiable": true,
            "truncatable": false,
            "joinable": false,
            "excludedFromSearch": false,
            "excludedFromCuration": false,
            "advancedSearchable": false,
            "reviewCriteria": false,
            "businessRoleCriteria": false,
            "excludedFromQuickSearch": false,
            "excludedFromSorting": false,
            "idmOnly": false,
            "reviewable": false,
            "readOnly": false,
            "excludedFromReview": false,
            "clobAttr": false
        },
        {
            "attributeId": 122,
            "attributeKey": "cost",
            "displayName": "Account Cost",
            "multiValued": false,
            "attributeDataType": "LONG",
            "attributeState": "ACTIVE",
            "attributeType": "COLLECTED",
            "length": 255,
            "extended": false,
            "used": true,
            "required": false,
            "searchable": true,
            "typeAheadSearchable": false,
            "quickSearchable": false,
            "sortable": true,
            "listable": true,
            "quickInfo": false,
            "curatable": true,
            "allowStaticMapping": true,
            "entityType": "ACCOUNT",
            "entityTypeModifiable": true,
            "truncatable": false,
            "joinable": false,
            "excludedFromSearch": false,
            "excludedFromCuration": false,
            "advancedSearchable": true,
            "reviewCriteria": true,
            "businessRoleCriteria": false,
            "excludedFromQuickSearch": false,
            "excludedFromSorting": false,
            "idmOnly": false,
            "reviewable": false,
            "readOnly": false,
            "excludedFromReview": false,
            "clobAttr": false
        },
        {
            "attributeId": 123,
            "attributeKey": "risk",
            "displayName": "Account Risk",
            "multiValued": false,
            "attributeDataType": "LONG",
            "attributeState": "ACTIVE",
            "attributeType": "COLLECTED",
            "length": 255,
            "extended": false,
            "used": true,
            "required": false,
            "searchable": true,
            "typeAheadSearchable": false,
            "quickSearchable": false,
            "sortable": true,
            "listable": true,
            "quickInfo": false,
            "curatable": true,
            "allowStaticMapping": true,
            "entityType": "ACCOUNT",
            "entityTypeModifiable": true,
            "truncatable": false,
            "joinable": false,
            "excludedFromSearch": false,
            "excludedFromCuration": false,
            "advancedSearchable": true,
            "reviewCriteria": true,
            "businessRoleCriteria": false,
            "excludedFromQuickSearch": false,
            "excludedFromSorting": false,
            "idmOnly": false,
            "reviewable": false,
            "readOnly": false,
            "excludedFromReview": false,
            "clobAttr": false
        },
        {
            "attributeId": 41,
            "attributeKey": "driverId",
            "displayName": "Provisioning Driver ID",
            "multiValued": false,
            "attributeDataType": "STRING",
            "attributeState": "ACTIVE",
            "attributeType": "COLLECTED",
            "length": 255,
            "extended": false,
            "used": true,
            "required": false,
            "searchable": false,
            "typeAheadSearchable": false,
            "quickSearchable": false,
            "sortable": false,
            "listable": false,
            "quickInfo": false,
            "curatable": false,
            "allowStaticMapping": true,
            "entityType": "ACCOUNT",
            "entityTypeModifiable": true,
            "truncatable": false,
            "joinable": false,
            "excludedFromSearch": true,
            "excludedFromCuration": true,
            "advancedSearchable": false,
            "reviewCriteria": false,
            "businessRoleCriteria": false,
            "excludedFromQuickSearch": false,
            "excludedFromSorting": false,
            "idmOnly": false,
            "reviewable": false,
            "readOnly": false,
            "excludedFromReview": false,
            "clobAttr": false
        },
        {
            "attributeId": 833,
            "attributeKey": "ext_uPN",
            "displayName": "UPN",
            "multiValued": false,
            "attributeDataType": "STRING",
            "attributeState": "ACTIVE",
            "attributeType": "COLLECTED",
            "length": 255,
            "extended": true,
            "used": true,
            "required": false,
            "searchable": true,
            "typeAheadSearchable": false,
            "quickSearchable": true,
            "sortable": true,
            "listable": true,
            "quickInfo": true,
            "curatable": false,
            "allowStaticMapping": true,
            "entityType": "ACCOUNT",
            "entityTypeModifiable": true,
            "truncatable": true,
            "joinable": false,
            "excludedFromSearch": false,
            "excludedFromCuration": false,
            "advancedSearchable": true,
            "reviewCriteria": true,
            "businessRoleCriteria": false,
            "excludedFromQuickSearch": false,
            "excludedFromSorting": false,
            "idmOnly": false,
            "reviewable": false,
            "readOnly": false,
            "excludedFromReview": false,
            "clobAttr": false
        },
        {
            "attributeId": 834,
            "attributeKey": "ext_whenCreated",
            "displayName": "When Created",
            "multiValued": false,
            "attributeDataType": "DATE",
            "attributeState": "ACTIVE",
            "attributeType": "COLLECTED",
            "length": 255,
            "extended": true,
            "used": true,
            "required": false,
            "searchable": false,
            "typeAheadSearchable": false,
            "quickSearchable": false,
            "sortable": false,
            "listable": true,
            "quickInfo": false,
            "curatable": false,
            "allowStaticMapping": true,
            "entityType": "ACCOUNT",
            "entityTypeModifiable": true,
            "truncatable": true,
            "joinable": false,
            "excludedFromSearch": false,
            "excludedFromCuration": false,
            "advancedSearchable": false,
            "reviewCriteria": false,
            "businessRoleCriteria": false,
            "excludedFromQuickSearch": false,
            "excludedFromSorting": false,
            "idmOnly": false,
            "reviewable": false,
            "readOnly": false,
            "excludedFromReview": false,
            "clobAttr": false
        }
    ]
}