{
    "type": "APPLICATION",
    "export-version": "4.2.0 ",
    "export-date": "25-3-2024 01:05:24",
    "schema": [
        {
            "attributeId": 127,
            "attributeKey": "administrators",
            "displayName": "Administrators",
            "multiValued": true,
            "attributeDataType": "STRING",
            "attributeState": "ACTIVE",
            "attributeType": "CONFIGURED",
            "length": 255,
            "extended": false,
            "used": true,
            "required": false,
            "searchable": false,
            "typeAheadSearchable": false,
            "quickSearchable": false,
            "sortable": false,
            "listable": true,
            "quickInfo": false,
            "curatable": true,
            "allowStaticMapping": true,
            "entityType": "APPLICATION",
            "entityTypeModifiable": true,
            "truncatable": false,
            "joinable": false,
            "excludedFromSearch": false,
            "excludedFromCuration": false,
            "advancedSearchable": false,
            "reviewCriteria": false,
            "businessRoleCriteria": false,
            "excludedFromQuickSearch": false,
            "excludedFromSorting": true,
            "idmOnly": false,
            "reviewable": false,
            "readOnly": false,
            "excludedFromReview": false,
            "clobAttr": false
        },
        {
            "attributeId": 154,
            "attributeKey": "classification",
            "displayName": "Application Classification",
            "multiValued": false,
            "attributeDataType": "STRING",
            "attributeState": "ACTIVE",
            "attributeType": "COLLECTED",
            "length": 255,
            "extended": false,
            "used": true,
            "required": false,
            "searchable": false,
            "typeAheadSearchable": false,
            "quickSearchable": false,
            "sortable": false,
            "listable": false,
            "quickInfo": false,
            "curatable": true,
            "allowStaticMapping": false,
            "entityType": "APPLICATION",
            "entityTypeModifiable": true,
            "truncatable": false,
            "joinable": false,
            "excludedFromSearch": false,
            "excludedFromCuration": false,
            "advancedSearchable": false,
            "reviewCriteria": false,
            "businessRoleCriteria": false,
            "excludedFromQuickSearch": false,
            "excludedFromSorting": false,
            "idmOnly": false,
            "reviewable": false,
            "readOnly": false,
            "excludedFromReview": false,
            "clobAttr": false
        },
        {
            "attributeId": 282,
            "attributeKey": "dataCollectors",
            "displayName": "Data Collectors",
            "multiValued": false,
            "attributeDataType": "STRING",
            "attributeState": "ACTIVE",
            "attributeType": "INTERNAL",
            "length": 0,
            "extended": false,
            "used": true,
            "required": false,
            "searchable": false,
            "typeAheadSearchable": false,
            "quickSearchable": false,
            "sortable": false,
            "listable": false,
            "quickInfo": false,
            "curatable": false,
            "allowStaticMapping": false,
            "entityType": "APPLICATION",
            "entityTypeModifiable": true,
            "truncatable": false,
            "joinable": false,
            "excludedFromSearch": true,
            "excludedFromCuration": true,
            "advancedSearchable": false,
            "reviewCriteria": false,
            "businessRoleCriteria": false,
            "excludedFromQuickSearch": false,
            "excludedFromSorting": false,
            "idmOnly": false,
            "reviewable": false,
            "readOnly": false,
            "excludedFromReview": false,
            "clobAttr": false
        },
        {
            "attributeId": 237,
            "attributeKey": "dataSourceType",
            "displayName": "(dataSourceType for Application)",
            "multiValued": false,
            "attributeDataType": "STRING",
            "attributeState": "ACTIVE",
            "attributeType": "INTERNAL",
            "length": 0,
            "extended": false,
            "used": true,
            "required": false,
            "searchable": false,
            "typeAheadSearchable": false,
            "quickSearchable": false,
            "sortable": false,
            "listable": false,
            "quickInfo": false,
            "curatable": false,
            "allowStaticMapping": false,
            "entityType": "APPLICATION",
            "entityTypeModifiable": true,
            "truncatable": false,
            "joinable": false,
            "excludedFromSearch": true,
            "excludedFromCuration": true,
            "advancedSearchable": false,
            "reviewCriteria": false,
            "businessRoleCriteria": false,
            "excludedFromQuickSearch": false,
            "excludedFromSorting": false,
            "idmOnly": false,
            "reviewable": false,
            "readOnly": false,
            "excludedFromReview": false,
            "clobAttr": false
        },
        {
            "attributeId": 157,
            "attributeKey": "driverId",
            "displayName": "Provisioning Driver ID",
            "multiValued": false,
            "attributeDataType": "STRING",
            "attributeState": "ACTIVE",
            "attributeType": "COLLECTED",
            "length": 255,
            "extended": false,
            "used": true,
            "required": false,
            "searchable": false,
            "typeAheadSearchable": false,
            "quickSearchable": false,
            "sortable": false,
            "listable": false,
            "quickInfo": false,
            "curatable": false,
            "allowStaticMapping": false,
            "entityType": "APPLICATION",
            "entityTypeModifiable": true,
            "truncatable": false,
            "joinable": false,
            "excludedFromSearch": true,
            "excludedFromCuration": true,
            "advancedSearchable": false,
            "reviewCriteria": false,
            "businessRoleCriteria": false,
            "excludedFromQuickSearch": false,
            "excludedFromSorting": false,
            "idmOnly": false,
            "reviewable": false,
            "readOnly": false,
            "excludedFromReview": false,
            "clobAttr": false
        },
        {
            "attributeId": 241,
            "attributeKey": "exportToIDM",
            "displayName": "(exportToIDM)",
            "multiValued": false,
            "attributeDataType": "BOOLEAN",
            "attributeState": "ACTIVE",
            "attributeType": "INTERNAL",
            "length": 0,
            "extended": false,
            "used": true,
            "required": false,
            "searchable": false,
            "typeAheadSearchable": false,
            "quickSearchable": false,
            "sortable": false,
            "listable": false,
            "quickInfo": false,
            "curatable": false,
            "allowStaticMapping": false,
            "entityType": "APPLICATION",
            "entityTypeModifiable": true,
            "truncatable": false,
            "joinable": false,
            "excludedFromSearch": true,
            "excludedFromCuration": true,
            "advancedSearchable": false,
            "reviewCriteria": false,
            "businessRoleCriteria": false,
            "excludedFromQuickSearch": false,
            "excludedFromSorting": false,
            "idmOnly": false,
            "reviewable": false,
            "readOnly": false,
            "excludedFromReview": false,
            "clobAttr": false
        },
        {
            "attributeId": 238,
            "attributeKey": "fulfillmentInfo",
            "displayName": "(dataSourceType for Application)",
            "multiValued": false,
            "attributeDataType": "STRING",
            "attributeState": "ACTIVE",
            "attributeType": "INTERNAL",
            "length": 0,
            "extended": false,
            "used": true,
            "required": false,
            "searchable": false,
            "typeAheadSearchable": false,
            "quickSearchable": false,
            "sortable": false,
            "listable": false,
            "quickInfo": false,
            "curatable": false,
            "allowStaticMapping": false,
            "entityType": "APPLICATION",
            "entityTypeModifiable": true,
            "truncatable": false,
            "joinable": false,
            "excludedFromSearch": true,
            "excludedFromCuration": true,
            "advancedSearchable": false,
            "reviewCriteria": false,
            "businessRoleCriteria": false,
            "excludedFromQuickSearch": false,
            "excludedFromSorting": false,
            "idmOnly": false,
            "reviewable": false,
            "readOnly": false,
            "excludedFromReview": false,
            "clobAttr": false
        },
        {
            "attributeId": 81,
            "attributeKey": "id",
            "displayName": "Internal Application ID",
            "multiValued": false,
            "attributeDataType": "STRING",
            "attributeState": "ACTIVE",
            "attributeType": "ARC_MANAGED",
            "length": 256,
            "extended": false,
            "used": true,
            "required": true,
            "searchable": false,
            "typeAheadSearchable": false,
            "quickSearchable": false,
            "sortable": false,
            "listable": false,
            "quickInfo": false,
            "curatable": false,
            "allowStaticMapping": false,
            "entityType": "APPLICATION",
            "entityTypeModifiable": true,
            "truncatable": false,
            "joinable": false,
            "excludedFromSearch": true,
            "excludedFromCuration": true,
            "advancedSearchable": false,
            "reviewCriteria": false,
            "businessRoleCriteria": false,
            "excludedFromQuickSearch": false,
            "excludedFromSorting": false,
            "idmOnly": false,
            "reviewable": false,
            "readOnly": false,
            "excludedFromReview": false,
            "clobAttr": false
        },
        {
            "attributeId": 283,
            "attributeKey": "jsonDataKey",
            "displayName": "JSON data key",
            "multiValued": false,
            "attributeDataType": "STRING",
            "attributeState": "ACTIVE",
            "attributeType": "INTERNAL",
            "length": 0,
            "extended": false,
            "used": true,
            "required": false,
            "searchable": false,
            "typeAheadSearchable": false,
            "quickSearchable": false,
            "sortable": false,
            "listable": false,
            "quickInfo": false,
            "curatable": false,
            "allowStaticMapping": false,
            "entityType": "APPLICATION",
            "entityTypeModifiable": true,
            "truncatable": false,
            "joinable": false,
            "excludedFromSearch": true,
            "excludedFromCuration": true,
            "advancedSearchable": false,
            "reviewCriteria": false,
            "businessRoleCriteria": false,
            "excludedFromQuickSearch": false,
            "excludedFromSorting": false,
            "idmOnly": false,
            "reviewable": false,
            "readOnly": false,
            "excludedFromReview": false,
            "clobAttr": false
        },
        {
            "attributeId": 155,
            "attributeKey": "location",
            "displayName": "Application Location",
            "multiValued": false,
            "attributeDataType": "STRING",
            "attributeState": "ACTIVE",
            "attributeType": "COLLECTED",
            "length": 255,
            "extended": false,
            "used": true,
            "required": false,
            "searchable": true,
            "typeAheadSearchable": false,
            "quickSearchable": false,
            "sortable": false,
            "listable": false,
            "quickInfo": false,
            "curatable": true,
            "allowStaticMapping": true,
            "entityType": "APPLICATION",
            "entityTypeModifiable": true,
            "truncatable": false,
            "joinable": false,
            "excludedFromSearch": false,
            "excludedFromCuration": false,
            "advancedSearchable": false,
            "reviewCriteria": true,
            "businessRoleCriteria": false,
            "excludedFromQuickSearch": false,
            "excludedFromSorting": false,
            "idmOnly": false,
            "reviewable": false,
            "readOnly": false,
            "excludedFromReview": false,
            "clobAttr": false
        },
        {
            "attributeId": 158,
            "attributeKey": "logicalId",
            "displayName": "Logical Application ID",
            "multiValued": false,
            "attributeDataType": "STRING",
            "attributeState": "ACTIVE",
            "attributeType": "COLLECTED",
            "length": 255,
            "extended": false,
            "used": true,
            "required": false,
            "searchable": false,
            "typeAheadSearchable": false,
            "quickSearchable": false,
            "sortable": false,
            "listable": false,
            "quickInfo": false,
            "curatable": false,
            "allowStaticMapping": false,
            "entityType": "APPLICATION",
            "entityTypeModifiable": true,
            "truncatable": false,
            "joinable": false,
            "excludedFromSearch": true,
            "excludedFromCuration": true,
            "advancedSearchable": false,
            "reviewCriteria": false,
            "businessRoleCriteria": false,
            "excludedFromQuickSearch": false,
            "excludedFromSorting": false,
            "idmOnly": false,
            "reviewable": false,
            "readOnly": false,
            "excludedFromReview": false,
            "clobAttr": false
        },
        {
            "attributeId": 233,
            "attributeKey": "notReviewable",
            "displayName": "(Not reviewable flag)",
            "multiValued": false,
            "attributeDataType": "STRING",
            "attributeState": "ACTIVE",
            "attributeType": "INTERNAL",
            "length": 0,
            "extended": false,
            "used": true,
            "required": false,
            "searchable": false,
            "typeAheadSearchable": false,
            "quickSearchable": false,
            "sortable": false,
            "listable": false,
            "quickInfo": false,
            "curatable": false,
            "allowStaticMapping": false,
            "entityType": "APPLICATION",
            "entityTypeModifiable": true,
            "truncatable": false,
            "joinable": false,
            "excludedFromSearch": true,
            "excludedFromCuration": true,
            "advancedSearchable": false,
            "reviewCriteria": false,
            "businessRoleCriteria": false,
            "excludedFromQuickSearch": false,
            "excludedFromSorting": false,
            "idmOnly": false,
            "reviewable": false,
            "readOnly": false,
            "excludedFromReview": false,
            "clobAttr": false
        },
        {
            "attributeId": 86,
            "attributeKey": "parentApplication",
            "displayName": "Parent Application",
            "multiValued": false,
            "attributeDataType": "STRING",
            "attributeState": "ACTIVE",
            "attributeType": "ARC_MANAGED",
            "length": 256,
            "extended": false,
            "used": true,
            "required": false,
            "searchable": false,
            "typeAheadSearchable": false,
            "quickSearchable": false,
            "sortable": false,
            "listable": true,
            "quickInfo": false,
            "curatable": false,
            "allowStaticMapping": false,
            "entityType": "APPLICATION",
            "entityTypeModifiable": true,
            "truncatable": false,
            "joinable": false,
            "excludedFromSearch": true,
            "excludedFromCuration": true,
            "advancedSearchable": false,
            "reviewCriteria": false,
            "businessRoleCriteria": false,
            "excludedFromQuickSearch": false,
            "excludedFromSorting": false,
            "idmOnly": false,
            "reviewable": false,
            "readOnly": false,
            "excludedFromReview": false,
            "clobAttr": false
        },
        {
            "attributeId": 291,
            "attributeKey": "photo",
            "displayName": "Photo",
            "multiValued": false,
            "attributeDataType": "COMPOSITE",
            "attributeState": "ACTIVE",
            "attributeType": "COMPOSITE",
            "length": 2000,
            "extended": false,
            "used": true,
            "required": false,
            "searchable": false,
            "typeAheadSearchable": false,
            "quickSearchable": false,
            "sortable": false,
            "listable": false,
            "quickInfo": false,
            "curatable": true,
            "allowStaticMapping": false,
            "entityType": "APPLICATION",
            "entityTypeModifiable": true,
            "truncatable": false,
            "joinable": false,
            "excludedFromSearch": true,
            "excludedFromCuration": false,
            "advancedSearchable": false,
            "reviewCriteria": false,
            "businessRoleCriteria": false,
            "primaryAttributeKey": "photoData",
            "excludedFromQuickSearch": true,
            "excludedFromSorting": true,
            "composition": "{\"attributes\":[\"photoData\",\"photoFormat\",\"photoRecord\",\"photoURI\"],\"primaryAttribute\":\"photoData\"}",
            "idmOnly": false,
            "reviewable": false,
            "readOnly": false,
            "excludedFromReview": false,
            "clobAttr": false
        },
        {
            "attributeId": 292,
            "attributeKey": "photoData",
            "displayName": "Photo binary data, encoded base64",
            "multiValued": false,
            "attributeDataType": "STRING",
            "attributeState": "ACTIVE",
            "attributeType": "ARC_MANAGED",
            "length": 0,
            "extended": false,
            "used": false,
            "required": false,
            "searchable": false,
            "typeAheadSearchable": false,
            "quickSearchable": false,
            "sortable": false,
            "listable": false,
            "quickInfo": false,
            "curatable": true,
            "allowStaticMapping": false,
            "entityType": "APPLICATION",
            "entityTypeModifiable": true,
            "truncatable": false,
            "joinable": false,
            "excludedFromSearch": false,
            "excludedFromCuration": false,
            "advancedSearchable": false,
            "reviewCriteria": false,
            "businessRoleCriteria": false,
            "excludedFromQuickSearch": false,
            "excludedFromSorting": false,
            "idmOnly": false,
            "reviewable": false,
            "readOnly": false,
            "excludedFromReview": false,
            "clobAttr": false
        },
        {
            "attributeId": 293,
            "attributeKey": "photoFormat",
            "displayName": "media type for user photo",
            "multiValued": false,
            "attributeDataType": "STRING",
            "attributeState": "ACTIVE",
            "attributeType": "INTERNAL",
            "length": 0,
            "extended": false,
            "used": false,
            "required": false,
            "searchable": false,
            "typeAheadSearchable": false,
            "quickSearchable": true,
            "sortable": false,
            "listable": false,
            "quickInfo": false,
            "curatable": false,
            "allowStaticMapping": false,
            "entityType": "APPLICATION",
            "entityTypeModifiable": true,
            "truncatable": false,
            "joinable": false,
            "excludedFromSearch": true,
            "excludedFromCuration": true,
            "advancedSearchable": false,
            "reviewCriteria": false,
            "businessRoleCriteria": false,
            "excludedFromQuickSearch": false,
            "excludedFromSorting": false,
            "idmOnly": false,
            "reviewable": false,
            "readOnly": false,
            "excludedFromReview": false,
            "clobAttr": false
        },
        {
            "attributeId": 294,
            "attributeKey": "photoRecord",
            "displayName": "photo record entity",
            "multiValued": false,
            "attributeDataType": "STRING",
            "attributeState": "ACTIVE",
            "attributeType": "ARC_MANAGED",
            "length": 0,
            "extended": false,
            "used": false,
            "required": false,
            "searchable": false,
            "typeAheadSearchable": false,
            "quickSearchable": false,
            "sortable": false,
            "listable": false,
            "quickInfo": false,
            "curatable": false,
            "allowStaticMapping": false,
            "entityType": "APPLICATION",
            "entityTypeModifiable": true,
            "truncatable": false,
            "joinable": false,
            "excludedFromSearch": false,
            "excludedFromCuration": false,
            "advancedSearchable": false,
            "reviewCriteria": false,
            "businessRoleCriteria": false,
            "excludedFromQuickSearch": false,
            "excludedFromSorting": false,
            "idmOnly": false,
            "reviewable": false,
            "readOnly": false,
            "excludedFromReview": false,
            "clobAttr": false
        },
        {
            "attributeId": 295,
            "attributeKey": "photoURI",
            "displayName": "Photo URI",
            "multiValued": false,
            "attributeDataType": "STRING",
            "attributeState": "ACTIVE",
            "attributeType": "ARC_MANAGED",
            "length": 0,
            "extended": false,
            "used": false,
            "required": false,
            "searchable": false,
            "typeAheadSearchable": false,
            "quickSearchable": false,
            "sortable": false,
            "listable": true,
            "quickInfo": false,
            "curatable": true,
            "allowStaticMapping": false,
            "entityType": "APPLICATION",
            "entityTypeModifiable": true,
            "truncatable": false,
            "joinable": false,
            "excludedFromSearch": false,
            "excludedFromCuration": false,
            "advancedSearchable": false,
            "reviewCriteria": false,
            "businessRoleCriteria": false,
            "excludedFromQuickSearch": false,
            "excludedFromSorting": false,
            "idmOnly": false,
            "reviewable": false,
            "readOnly": false,
            "excludedFromReview": false,
            "clobAttr": false
        },
        {
            "attributeId": 234,
            "attributeKey": "provApplication",
            "displayName": "(Provisioning Application)",
            "multiValued": false,
            "attributeDataType": "STRING",
            "attributeState": "ACTIVE",
            "attributeType": "INTERNAL",
            "length": 0,
            "extended": false,
            "used": true,
            "required": false,
            "searchable": false,
            "typeAheadSearchable": false,
            "quickSearchable": false,
            "sortable": false,
            "listable": false,
            "quickInfo": false,
            "curatable": false,
            "allowStaticMapping": false,
            "entityType": "APPLICATION",
            "entityTypeModifiable": true,
            "truncatable": false,
            "joinable": false,
            "excludedFromSearch": true,
            "excludedFromCuration": true,
            "advancedSearchable": false,
            "reviewCriteria": false,
            "businessRoleCriteria": false,
            "excludedFromQuickSearch": false,
            "excludedFromSorting": false,
            "idmOnly": false,
            "reviewable": false,
            "readOnly": false,
            "excludedFromReview": false,
            "clobAttr": false
        },
        {
            "attributeId": 240,
            "attributeKey": "qid",
            "displayName": "(qid)",
            "multiValued": false,
            "attributeDataType": "STRING",
            "attributeState": "ACTIVE",
            "attributeType": "INTERNAL",
            "length": 0,
            "extended": false,
            "used": true,
            "required": false,
            "searchable": false,
            "typeAheadSearchable": false,
            "quickSearchable": false,
            "sortable": false,
            "listable": false,
            "quickInfo": false,
            "curatable": false,
            "allowStaticMapping": false,
            "entityType": "APPLICATION",
            "entityTypeModifiable": true,
            "truncatable": false,
            "joinable": false,
            "excludedFromSearch": true,
            "excludedFromCuration": true,
            "advancedSearchable": false,
            "reviewCriteria": false,
            "businessRoleCriteria": false,
            "excludedFromQuickSearch": false,
            "excludedFromSorting": false,
            "idmOnly": false,
            "reviewable": false,
            "readOnly": false,
            "excludedFromReview": false,
            "clobAttr": false
        },
        {
            "attributeId": 170,
            "attributeKey": "showAccountNameOnReviewItem",
            "displayName": "Show account name in review and fulfillment details",
            "multiValued": false,
            "attributeDataType": "BOOLEAN",
            "attributeState": "ACTIVE",
            "attributeType": "CONFIGURED",
            "length": 255,
            "extended": false,
            "used": true,
            "required": false,
            "searchable": false,
            "typeAheadSearchable": false,
            "quickSearchable": false,
            "sortable": false,
            "listable": false,
            "quickInfo": false,
            "curatable": true,
            "allowStaticMapping": false,
            "entityType": "APPLICATION",
            "entityTypeModifiable": true,
            "truncatable": true,
            "joinable": false,
            "excludedFromSearch": false,
            "excludedFromCuration": false,
            "advancedSearchable": false,
            "reviewCriteria": false,
            "businessRoleCriteria": false,
            "excludedFromQuickSearch": false,
            "excludedFromSorting": false,
            "idmOnly": false,
            "reviewable": false,
            "readOnly": false,
            "excludedFromReview": false,
            "clobAttr": false
        },
        {
            "attributeId": 169,
            "attributeKey": "showPermissionHierachy",
            "displayName": "Show permission hierarchy in review",
            "multiValued": false,
            "attributeDataType": "BOOLEAN",
            "attributeState": "ACTIVE",
            "attributeType": "CONFIGURED",
            "length": 255,
            "extended": false,
            "used": true,
            "required": false,
            "searchable": false,
            "typeAheadSearchable": false,
            "quickSearchable": false,
            "sortable": false,
            "listable": false,
            "quickInfo": false,
            "curatable": true,
            "allowStaticMapping": false,
            "entityType": "APPLICATION",
            "entityTypeModifiable": true,
            "truncatable": true,
            "joinable": false,
            "excludedFromSearch": false,
            "excludedFromCuration": false,
            "advancedSearchable": false,
            "reviewCriteria": false,
            "businessRoleCriteria": false,
            "excludedFromQuickSearch": false,
            "excludedFromSorting": false,
            "idmOnly": false,
            "reviewable": false,
            "readOnly": false,
            "excludedFromReview": false,
            "clobAttr": false
        },
        {
            "attributeId": 128,
            "attributeKey": "tags",
            "displayName": "Tags",
            "multiValued": true,
            "attributeDataType": "STRING",
            "attributeState": "ACTIVE",
            "attributeType": "CONFIGURED",
            "length": 255,
            "extended": false,
            "used": true,
            "required": false,
            "searchable": true,
            "typeAheadSearchable": false,
            "quickSearchable": false,
            "sortable": false,
            "listable": true,
            "quickInfo": false,
            "curatable": true,
            "allowStaticMapping": true,
            "entityType": "APPLICATION",
            "entityTypeModifiable": true,
            "truncatable": false,
            "joinable": false,
            "excludedFromSearch": false,
            "excludedFromCuration": false,
            "advancedSearchable": false,
            "reviewCriteria": true,
            "businessRoleCriteria": false,
            "excludedFromQuickSearch": false,
            "excludedFromSorting": true,
            "idmOnly": false,
            "reviewable": false,
            "readOnly": false,
            "excludedFromReview": false,
            "clobAttr": false
        },
        {
            "attributeId": 160,
            "attributeKey": "treeName",
            "displayName": "eDirectory Tree Name",
            "multiValued": false,
            "attributeDataType": "STRING",
            "attributeState": "ACTIVE",
            "attributeType": "COLLECTED",
            "length": 255,
            "extended": false,
            "used": true,
            "required": false,
            "searchable": false,
            "typeAheadSearchable": false,
            "quickSearchable": false,
            "sortable": false,
            "listable": false,
            "quickInfo": false,
            "curatable": false,
            "allowStaticMapping": false,
            "entityType": "APPLICATION",
            "entityTypeModifiable": true,
            "truncatable": false,
            "joinable": false,
            "excludedFromSearch": false,
            "excludedFromCuration": false,
            "advancedSearchable": false,
            "reviewCriteria": false,
            "businessRoleCriteria": false,
            "excludedFromQuickSearch": false,
            "excludedFromSorting": false,
            "idmOnly": false,
            "reviewable": false,
            "readOnly": false,
            "excludedFromReview": false,
            "clobAttr": false
        },
        {
            "attributeId": 232,
            "attributeKey": "type",
            "displayName": "(Application Type)",
            "multiValued": false,
            "attributeDataType": "STRING",
            "attributeState": "ACTIVE",
            "attributeType": "INTERNAL",
            "length": 0,
            "extended": false,
            "used": true,
            "required": false,
            "searchable": false,
            "typeAheadSearchable": false,
            "quickSearchable": false,
            "sortable": false,
            "listable": false,
            "quickInfo": false,
            "curatable": false,
            "allowStaticMapping": false,
            "entityType": "APPLICATION",
            "entityTypeModifiable": true,
            "truncatable": false,
            "joinable": false,
            "excludedFromSearch": true,
            "excludedFromCuration": true,
            "advancedSearchable": false,
            "reviewCriteria": false,
            "businessRoleCriteria": false,
            "excludedFromQuickSearch": false,
            "excludedFromSorting": false,
            "idmOnly": false,
            "reviewable": false,
            "readOnly": false,
            "excludedFromReview": false,
            "clobAttr": false
        },
        {
            "attributeId": 255,
            "attributeKey": "updated",
            "displayName": "Last Update Time",
            "multiValued": false,
            "attributeDataType": "DATE",
            "attributeState": "ACTIVE",
            "attributeType": "INTERNAL",
            "length": 256,
            "extended": false,
            "used": true,
            "required": true,
            "searchable": false,
            "typeAheadSearchable": false,
            "quickSearchable": false,
            "sortable": false,
            "listable": false,
            "quickInfo": false,
            "curatable": false,
            "allowStaticMapping": false,
            "entityType": "APPLICATION",
            "entityTypeModifiable": true,
            "truncatable": false,
            "joinable": false,
            "excludedFromSearch": true,
            "excludedFromCuration": true,
            "advancedSearchable": false,
            "reviewCriteria": false,
            "businessRoleCriteria": false,
            "excludedFromQuickSearch": false,
            "excludedFromSorting": false,
            "idmOnly": false,
            "reviewable": false,
            "readOnly": false,
            "excludedFromReview": false,
            "clobAttr": false
        },
        {
            "attributeId": 342,
            "attributeKey": "authorizedBy",
            "displayName": "Authorized By",
            "multiValued": true,
            "attributeDataType": "STRING",
            "attributeState": "ACTIVE",
            "attributeType": "TRANSIENT",
            "length": 2000,
            "extended": false,
            "used": true,
            "required": false,
            "searchable": false,
            "typeAheadSearchable": false,
            "quickSearchable": false,
            "sortable": false,
            "listable": true,
            "quickInfo": true,
            "curatable": false,
            "allowStaticMapping": true,
            "entityType": "APPLICATION",
            "entityTypeModifiable": true,
            "truncatable": true,
            "joinable": false,
            "excludedFromSearch": true,
            "excludedFromCuration": true,
            "advancedSearchable": false,
            "reviewCriteria": false,
            "businessRoleCriteria": false,
            "excludedFromQuickSearch": true,
            "excludedFromSorting": true,
            "idmOnly": false,
            "reviewable": false,
            "readOnly": false,
            "excludedFromReview": false,
            "clobAttr": false
        },
        {
            "attributeId": 344,
            "attributeKey": "uniqueId",
            "displayName": "(uniqueId)",
            "multiValued": false,
            "attributeDataType": "STRING",
            "attributeState": "ACTIVE",
            "attributeType": "INTERNAL",
            "length": 0,
            "extended": false,
            "used": true,
            "required": false,
            "searchable": false,
            "typeAheadSearchable": false,
            "quickSearchable": false,
            "sortable": false,
            "listable": false,
            "quickInfo": false,
            "curatable": false,
            "allowStaticMapping": false,
            "entityType": "APPLICATION",
            "entityTypeModifiable": true,
            "truncatable": false,
            "joinable": false,
            "excludedFromSearch": false,
            "excludedFromCuration": false,
            "advancedSearchable": false,
            "reviewCriteria": false,
            "businessRoleCriteria": false,
            "excludedFromQuickSearch": false,
            "excludedFromSorting": false,
            "idmOnly": false,
            "reviewable": false,
            "readOnly": false,
            "excludedFromReview": false,
            "clobAttr": false
        },
        {
            "attributeId": 398,
            "attributeKey": "requestPolicy",
            "displayName": "Request Policy",
            "multiValued": false,
            "attributeDataType": "STRING",
            "attributeState": "ACTIVE",
            "attributeType": "TRANSIENT",
            "length": 0,
            "extended": false,
            "used": true,
            "required": false,
            "searchable": false,
            "typeAheadSearchable": false,
            "quickSearchable": false,
            "sortable": false,
            "listable": true,
            "quickInfo": true,
            "curatable": false,
            "allowStaticMapping": false,
            "entityType": "APPLICATION",
            "entityTypeModifiable": true,
            "truncatable": false,
            "joinable": false,
            "excludedFromSearch": true,
            "excludedFromCuration": true,
            "advancedSearchable": false,
            "reviewCriteria": false,
            "businessRoleCriteria": false,
            "excludedFromQuickSearch": true,
            "excludedFromSorting": true,
            "idmOnly": false,
            "reviewable": false,
            "readOnly": false,
            "excludedFromReview": false,
            "clobAttr": false
        },
        {
            "attributeId": 399,
            "attributeKey": "requestApprovalPolicy",
            "displayName": "Request Approval Policy",
            "multiValued": false,
            "attributeDataType": "STRING",
            "attributeState": "ACTIVE",
            "attributeType": "TRANSIENT",
            "length": 0,
            "extended": false,
            "used": true,
            "required": false,
            "searchable": false,
            "typeAheadSearchable": false,
            "quickSearchable": false,
            "sortable": false,
            "listable": true,
            "quickInfo": true,
            "curatable": false,
            "allowStaticMapping": false,
            "entityType": "APPLICATION",
            "entityTypeModifiable": true,
            "truncatable": false,
            "joinable": false,
            "excludedFromSearch": true,
            "excludedFromCuration": true,
            "advancedSearchable": false,
            "reviewCriteria": false,
            "businessRoleCriteria": false,
            "excludedFromQuickSearch": true,
            "excludedFromSorting": true,
            "idmOnly": false,
            "reviewable": false,
            "readOnly": false,
            "excludedFromReview": false,
            "clobAttr": false
        },
        {
            "attributeId": 405,
            "attributeKey": "resOwnerIdmDn",
            "displayName": "Resource Owner IDM DN",
            "multiValued": false,
            "attributeDataType": "STRING",
            "attributeState": "ACTIVE",
            "attributeType": "INTERNAL",
            "length": 255,
            "extended": false,
            "used": true,
            "required": false,
            "searchable": false,
            "typeAheadSearchable": false,
            "quickSearchable": false,
            "sortable": false,
            "listable": false,
            "quickInfo": false,
            "curatable": false,
            "allowStaticMapping": false,
            "entityType": "APPLICATION",
            "entityTypeModifiable": true,
            "truncatable": false,
            "joinable": false,
            "excludedFromSearch": false,
            "excludedFromCuration": false,
            "advancedSearchable": false,
            "reviewCriteria": false,
            "businessRoleCriteria": false,
            "excludedFromQuickSearch": false,
            "excludedFromSorting": false,
            "idmOnly": false,
            "reviewable": false,
            "readOnly": false,
            "excludedFromReview": false,
            "clobAttr": false
        },
        {
            "attributeId": 406,
            "attributeKey": "resOwnerEntityType",
            "displayName": "Resource Owner Entity Type",
            "multiValued": false,
            "attributeDataType": "STRING",
            "attributeState": "ACTIVE",
            "attributeType": "INTERNAL",
            "length": 255,
            "extended": false,
            "used": true,
            "required": false,
            "searchable": false,
            "typeAheadSearchable": false,
            "quickSearchable": false,
            "sortable": false,
            "listable": false,
            "quickInfo": false,
            "curatable": false,
            "allowStaticMapping": false,
            "entityType": "APPLICATION",
            "entityTypeModifiable": true,
            "truncatable": false,
            "joinable": false,
            "excludedFromSearch": false,
            "excludedFromCuration": false,
            "advancedSearchable": false,
            "reviewCriteria": false,
            "businessRoleCriteria": false,
            "excludedFromQuickSearch": false,
            "excludedFromSorting": false,
            "idmOnly": false,
            "reviewable": false,
            "readOnly": false,
            "excludedFromReview": false,
            "clobAttr": false
        },
        {
            "attributeId": 407,
            "attributeKey": "resIdmWorkflowDn",
            "displayName": "Resource IDM workflow DN",
            "multiValued": false,
            "attributeDataType": "STRING",
            "attributeState": "ACTIVE",
            "attributeType": "INTERNAL",
            "length": 2000,
            "extended": false,
            "used": true,
            "required": false,
            "searchable": false,
            "typeAheadSearchable": false,
            "quickSearchable": false,
            "sortable": false,
            "listable": false,
            "quickInfo": false,
            "curatable": false,
            "allowStaticMapping": false,
            "entityType": "APPLICATION",
            "entityTypeModifiable": true,
            "truncatable": false,
            "joinable": false,
            "excludedFromSearch": false,
            "excludedFromCuration": false,
            "advancedSearchable": false,
            "reviewCriteria": false,
            "businessRoleCriteria": false,
            "excludedFromQuickSearch": false,
            "excludedFromSorting": false,
            "idmOnly": false,
            "reviewable": false,
            "readOnly": false,
            "excludedFromReview": false,
            "clobAttr": true
        },
        {
            "attributeId": 408,
            "attributeKey": "resourceOwnerName",
            "displayName": "Resource Owner Name",
            "multiValued": false,
            "attributeDataType": "STRING",
            "attributeState": "ACTIVE",
            "attributeType": "INTERNAL",
            "length": 255,
            "extended": false,
            "used": true,
            "required": false,
            "searchable": false,
            "typeAheadSearchable": false,
            "quickSearchable": false,
            "sortable": false,
            "listable": false,
            "quickInfo": false,
            "curatable": false,
            "allowStaticMapping": false,
            "entityType": "APPLICATION",
            "entityTypeModifiable": true,
            "truncatable": false,
            "joinable": false,
            "excludedFromSearch": false,
            "excludedFromCuration": false,
            "advancedSearchable": false,
            "reviewCriteria": false,
            "businessRoleCriteria": false,
            "excludedFromQuickSearch": false,
            "excludedFromSorting": false,
            "idmOnly": false,
            "reviewable": false,
            "readOnly": false,
            "excludedFromReview": false,
            "clobAttr": false
        },
        {
            "attributeId": 409,
            "attributeKey": "resourceOwnerEntityId",
            "displayName": "Resource Owner Entity Id",
            "multiValued": false,
            "attributeDataType": "STRING",
            "attributeState": "ACTIVE",
            "attributeType": "INTERNAL",
            "length": 255,
            "extended": false,
            "used": true,
            "required": false,
            "searchable": false,
            "typeAheadSearchable": false,
            "quickSearchable": false,
            "sortable": false,
            "listable": false,
            "quickInfo": false,
            "curatable": false,
            "allowStaticMapping": false,
            "entityType": "APPLICATION",
            "entityTypeModifiable": true,
            "truncatable": false,
            "joinable": false,
            "excludedFromSearch": false,
            "excludedFromCuration": false,
            "advancedSearchable": false,
            "reviewCriteria": false,
            "businessRoleCriteria": false,
            "excludedFromQuickSearch": false,
            "excludedFromSorting": false,
            "idmOnly": false,
            "reviewable": false,
            "readOnly": false,
            "excludedFromReview": false,
            "clobAttr": false
        },
        {
            "attributeId": 235,
            "attributeKey": "deleted",
            "displayName": "(deleted)",
            "multiValued": false,
            "attributeDataType": "BOOLEAN",
            "attributeState": "ACTIVE",
            "attributeType": "INTERNAL",
            "length": 0,
            "extended": false,
            "used": true,
            "required": false,
            "searchable": false,
            "typeAheadSearchable": false,
            "quickSearchable": false,
            "sortable": false,
            "listable": false,
            "quickInfo": false,
            "curatable": false,
            "allowStaticMapping": false,
            "entityType": "APPLICATION",
            "entityTypeModifiable": true,
            "truncatable": false,
            "joinable": false,
            "excludedFromSearch": true,
            "excludedFromCuration": true,
            "advancedSearchable": false,
            "reviewCriteria": false,
            "businessRoleCriteria": false,
            "excludedFromQuickSearch": false,
            "excludedFromSorting": false,
            "idmOnly": false,
            "reviewable": false,
            "readOnly": false,
            "excludedFromReview": false,
            "clobAttr": false
        },
        {
            "attributeId": 542,
            "attributeKey": "affiliatedApplication",
            "displayName": "Affiliated Application",
            "multiValued": false,
            "attributeDataType": "LONG",
            "attributeState": "ACTIVE",
            "attributeType": "ARC_MANAGED",
            "length": 255,
            "extended": false,
            "used": true,
            "required": false,
            "searchable": false,
            "typeAheadSearchable": false,
            "quickSearchable": false,
            "sortable": false,
            "listable": true,
            "quickInfo": false,
            "curatable": false,
            "allowStaticMapping": false,
            "entityType": "APPLICATION",
            "entityTypeModifiable": true,
            "truncatable": false,
            "joinable": false,
            "excludedFromSearch": false,
            "excludedFromCuration": true,
            "advancedSearchable": false,
            "reviewCriteria": false,
            "businessRoleCriteria": false,
            "excludedFromQuickSearch": false,
            "excludedFromSorting": false,
            "idmOnly": false,
            "reviewable": false,
            "readOnly": false,
            "excludedFromReview": false,
            "clobAttr": false
        },
        {
            "attributeId": 82,
            "attributeKey": "name",
            "displayName": "Application Name",
            "multiValued": false,
            "attributeDataType": "STRING",
            "attributeState": "ACTIVE",
            "attributeType": "COLLECTED",
            "length": 2000,
            "extended": false,
            "used": true,
            "required": true,
            "searchable": true,
            "typeAheadSearchable": true,
            "quickSearchable": true,
            "sortable": true,
            "listable": true,
            "quickInfo": true,
            "curatable": true,
            "allowStaticMapping": false,
            "entityType": "APPLICATION",
            "entityTypeModifiable": true,
            "truncatable": true,
            "joinable": false,
            "excludedFromSearch": false,
            "excludedFromCuration": false,
            "advancedSearchable": true,
            "reviewCriteria": false,
            "businessRoleCriteria": false,
            "excludedFromQuickSearch": false,
            "excludedFromSorting": false,
            "idmOnly": false,
            "reviewable": false,
            "readOnly": false,
            "excludedFromReview": false,
            "clobAttr": false
        },
        {
            "attributeId": 124,
            "attributeKey": "risk",
            "displayName": "Application Risk",
            "multiValued": false,
            "attributeDataType": "LONG",
            "attributeState": "ACTIVE",
            "attributeType": "COLLECTED",
            "length": 255,
            "extended": false,
            "used": true,
            "required": false,
            "searchable": true,
            "typeAheadSearchable": false,
            "quickSearchable": false,
            "sortable": true,
            "listable": true,
            "quickInfo": false,
            "curatable": true,
            "allowStaticMapping": true,
            "entityType": "APPLICATION",
            "entityTypeModifiable": true,
            "truncatable": false,
            "joinable": false,
            "excludedFromSearch": false,
            "excludedFromCuration": false,
            "advancedSearchable": true,
            "reviewCriteria": true,
            "businessRoleCriteria": false,
            "excludedFromQuickSearch": false,
            "excludedFromSorting": false,
            "idmOnly": false,
            "reviewable": false,
            "readOnly": false,
            "excludedFromReview": false,
            "clobAttr": false
        },
        {
            "attributeId": 729,
            "attributeKey": "environment",
            "displayName": "Application Environment",
            "multiValued": false,
            "attributeDataType": "STRING",
            "attributeState": "ACTIVE",
            "attributeType": "COLLECTED",
            "length": 255,
            "extended": false,
            "used": true,
            "required": false,
            "searchable": false,
            "typeAheadSearchable": false,
            "quickSearchable": false,
            "sortable": true,
            "listable": true,
            "quickInfo": false,
            "curatable": true,
            "allowStaticMapping": false,
            "entityType": "APPLICATION",
            "entityTypeModifiable": true,
            "truncatable": true,
            "joinable": false,
            "excludedFromSearch": false,
            "excludedFromCuration": false,
            "advancedSearchable": false,
            "reviewCriteria": false,
            "businessRoleCriteria": false,
            "excludedFromQuickSearch": false,
            "excludedFromSorting": false,
            "idmOnly": false,
            "reviewable": false,
            "readOnly": false,
            "excludedFromReview": false,
            "clobAttr": false
        },
        {
            "attributeId": 730,
            "attributeKey": "vendor",
            "displayName": "Application Vendor",
            "multiValued": false,
            "attributeDataType": "STRING",
            "attributeState": "ACTIVE",
            "attributeType": "COLLECTED",
            "length": 255,
            "extended": false,
            "used": true,
            "required": false,
            "searchable": false,
            "typeAheadSearchable": false,
            "quickSearchable": false,
            "sortable": true,
            "listable": true,
            "quickInfo": false,
            "curatable": true,
            "allowStaticMapping": false,
            "entityType": "APPLICATION",
            "entityTypeModifiable": true,
            "truncatable": true,
            "joinable": false,
            "excludedFromSearch": false,
            "excludedFromCuration": false,
            "advancedSearchable": false,
            "reviewCriteria": false,
            "businessRoleCriteria": false,
            "excludedFromQuickSearch": false,
            "excludedFromSorting": false,
            "idmOnly": false,
            "reviewable": false,
            "readOnly": false,
            "excludedFromReview": false,
            "clobAttr": false
        },
        {
            "attributeId": 731,
            "attributeKey": "createdBy",
            "displayName": "Created By",
            "multiValued": false,
            "attributeDataType": "STRING",
            "attributeState": "ACTIVE",
            "attributeType": "ARC_MANAGED",
            "length": 255,
            "extended": false,
            "used": true,
            "required": false,
            "searchable": true,
            "typeAheadSearchable": false,
            "quickSearchable": false,
            "sortable": true,
            "listable": true,
            "quickInfo": false,
            "curatable": false,
            "allowStaticMapping": false,
            "entityType": "APPLICATION",
            "entityTypeModifiable": true,
            "truncatable": false,
            "joinable": false,
            "excludedFromSearch": false,
            "excludedFromCuration": true,
            "advancedSearchable": true,
            "reviewCriteria": false,
            "businessRoleCriteria": false,
            "excludedFromQuickSearch": false,
            "excludedFromSorting": false,
            "idmOnly": false,
            "reviewable": false,
            "readOnly": false,
            "excludedFromReview": false,
            "clobAttr": false
        },
        {
            "attributeId": 732,
            "attributeKey": "createDate",
            "displayName": "Create Date",
            "multiValued": false,
            "attributeDataType": "DATE",
            "attributeState": "ACTIVE",
            "attributeType": "ARC_MANAGED",
            "length": 0,
            "extended": false,
            "used": true,
            "required": false,
            "searchable": false,
            "typeAheadSearchable": false,
            "quickSearchable": false,
            "sortable": true,
            "listable": true,
            "quickInfo": false,
            "curatable": false,
            "allowStaticMapping": false,
            "entityType": "APPLICATION",
            "entityTypeModifiable": true,
            "truncatable": false,
            "joinable": false,
            "excludedFromSearch": false,
            "excludedFromCuration": true,
            "advancedSearchable": true,
            "reviewCriteria": false,
            "businessRoleCriteria": false,
            "excludedFromQuickSearch": false,
            "excludedFromSorting": false,
            "idmOnly": false,
            "reviewable": false,
            "readOnly": false,
            "excludedFromReview": false,
            "clobAttr": false
        },
        {
            "attributeId": 733,
            "attributeKey": "updatedBy",
            "displayName": "Updated By",
            "multiValued": false,
            "attributeDataType": "STRING",
            "attributeState": "ACTIVE",
            "attributeType": "ARC_MANAGED",
            "length": 255,
            "extended": false,
            "used": true,
            "required": false,
            "searchable": true,
            "typeAheadSearchable": false,
            "quickSearchable": false,
            "sortable": true,
            "listable": true,
            "quickInfo": false,
            "curatable": false,
            "allowStaticMapping": false,
            "entityType": "APPLICATION",
            "entityTypeModifiable": true,
            "truncatable": false,
            "joinable": false,
            "excludedFromSearch": false,
            "excludedFromCuration": true,
            "advancedSearchable": true,
            "reviewCriteria": false,
            "businessRoleCriteria": false,
            "excludedFromQuickSearch": false,
            "excludedFromSorting": false,
            "idmOnly": false,
            "reviewable": false,
            "readOnly": false,
            "excludedFromReview": false,
            "clobAttr": false
        },
        {
            "attributeId": 734,
            "attributeKey": "costType",
            "displayName": "Cost Type",
            "multiValued": false,
            "attributeDataType": "STRING",
            "attributeState": "ACTIVE",
            "attributeType": "COLLECTED",
            "length": 255,
            "extended": false,
            "used": true,
            "required": false,
            "searchable": true,
            "typeAheadSearchable": false,
            "quickSearchable": false,
            "sortable": false,
            "listable": true,
            "quickInfo": false,
            "curatable": true,
            "allowStaticMapping": false,
            "entityType": "APPLICATION",
            "entityTypeModifiable": true,
            "truncatable": false,
            "joinable": false,
            "enumType": "CostType:YEARLY,MONTHLY,WEEKLY,DAILY,ONE_TIME,UNDEFINED",
            "excludedFromSearch": false,
            "excludedFromCuration": false,
            "advancedSearchable": true,
            "reviewCriteria": false,
            "businessRoleCriteria": false,
            "excludedFromQuickSearch": false,
            "excludedFromSorting": true,
            "idmOnly": false,
            "reviewable": false,
            "readOnly": false,
            "excludedFromReview": false,
            "clobAttr": false
        },
        {
            "attributeId": 735,
            "attributeKey": "licenseType",
            "displayName": "License Type",
            "multiValued": false,
            "attributeDataType": "STRING",
            "attributeState": "ACTIVE",
            "attributeType": "COLLECTED",
            "length": 255,
            "extended": false,
            "used": true,
            "required": false,
            "searchable": true,
            "typeAheadSearchable": false,
            "quickSearchable": false,
            "sortable": false,
            "listable": true,
            "quickInfo": false,
            "curatable": true,
            "allowStaticMapping": false,
            "entityType": "APPLICATION",
            "entityTypeModifiable": true,
            "truncatable": false,
            "joinable": false,
            "enumType": "LicenseType:PERSONAL,CORPORATE,SITE,PARTNER,SHARED,UNDEFINED",
            "excludedFromSearch": false,
            "excludedFromCuration": false,
            "advancedSearchable": true,
            "reviewCriteria": false,
            "businessRoleCriteria": false,
            "excludedFromQuickSearch": false,
            "excludedFromSorting": true,
            "idmOnly": false,
            "reviewable": false,
            "readOnly": false,
            "excludedFromReview": false,
            "clobAttr": false
        },
        {
            "attributeId": 736,
            "attributeKey": "vendorVersion",
            "displayName": "Vendor Version",
            "multiValued": false,
            "attributeDataType": "STRING",
            "attributeState": "ACTIVE",
            "attributeType": "COLLECTED",
            "length": 255,
            "extended": false,
            "used": true,
            "required": false,
            "searchable": true,
            "typeAheadSearchable": false,
            "quickSearchable": true,
            "sortable": true,
            "listable": true,
            "quickInfo": false,
            "curatable": true,
            "allowStaticMapping": false,
            "entityType": "APPLICATION",
            "entityTypeModifiable": true,
            "truncatable": false,
            "joinable": false,
            "excludedFromSearch": false,
            "excludedFromCuration": false,
            "advancedSearchable": true,
            "reviewCriteria": false,
            "businessRoleCriteria": false,
            "excludedFromQuickSearch": false,
            "excludedFromSorting": false,
            "idmOnly": false,
            "reviewable": false,
            "readOnly": false,
            "excludedFromReview": false,
            "clobAttr": false
        },
        {
            "attributeId": 737,
            "attributeKey": "ipAddress",
            "displayName": "IP Address",
            "multiValued": false,
            "attributeDataType": "STRING",
            "attributeState": "ACTIVE",
            "attributeType": "COLLECTED",
            "length": 255,
            "extended": false,
            "used": true,
            "required": false,
            "searchable": true,
            "typeAheadSearchable": false,
            "quickSearchable": true,
            "sortable": true,
            "listable": true,
            "quickInfo": false,
            "curatable": true,
            "allowStaticMapping": false,
            "entityType": "APPLICATION",
            "entityTypeModifiable": true,
            "truncatable": false,
            "joinable": false,
            "excludedFromSearch": false,
            "excludedFromCuration": false,
            "advancedSearchable": true,
            "reviewCriteria": false,
            "businessRoleCriteria": false,
            "excludedFromQuickSearch": false,
            "excludedFromSorting": false,
            "idmOnly": false,
            "reviewable": false,
            "readOnly": false,
            "excludedFromReview": false,
            "clobAttr": false
        },
        {
            "attributeId": 738,
            "attributeKey": "dnsAddress",
            "displayName": "DNS Address",
            "multiValued": false,
            "attributeDataType": "STRING",
            "attributeState": "ACTIVE",
            "attributeType": "COLLECTED",
            "length": 2000,
            "extended": false,
            "used": true,
            "required": false,
            "searchable": true,
            "typeAheadSearchable": false,
            "quickSearchable": true,
            "sortable": true,
            "listable": true,
            "quickInfo": false,
            "curatable": true,
            "allowStaticMapping": false,
            "entityType": "APPLICATION",
            "entityTypeModifiable": true,
            "truncatable": false,
            "joinable": false,
            "excludedFromSearch": false,
            "excludedFromCuration": false,
            "advancedSearchable": true,
            "reviewCriteria": false,
            "businessRoleCriteria": false,
            "excludedFromQuickSearch": false,
            "excludedFromSorting": false,
            "idmOnly": false,
            "reviewable": false,
            "readOnly": false,
            "excludedFromReview": false,
            "clobAttr": false
        },
        {
            "attributeId": 739,
            "attributeKey": "assetId",
            "displayName": "Asset ID",
            "multiValued": false,
            "attributeDataType": "STRING",
            "attributeState": "ACTIVE",
            "attributeType": "COLLECTED",
            "length": 2000,
            "extended": false,
            "used": true,
            "required": false,
            "searchable": true,
            "typeAheadSearchable": false,
            "quickSearchable": true,
            "sortable": true,
            "listable": true,
            "quickInfo": false,
            "curatable": true,
            "allowStaticMapping": false,
            "entityType": "APPLICATION",
            "entityTypeModifiable": true,
            "truncatable": false,
            "joinable": false,
            "excludedFromSearch": false,
            "excludedFromCuration": false,
            "advancedSearchable": true,
            "reviewCriteria": false,
            "businessRoleCriteria": false,
            "excludedFromQuickSearch": false,
            "excludedFromSorting": false,
            "idmOnly": false,
            "reviewable": false,
            "readOnly": false,
            "excludedFromReview": false,
            "clobAttr": false
        },
        {
            "attributeId": 740,
            "attributeKey": "assetTag",
            "displayName": "Asset Tag",
            "multiValued": false,
            "attributeDataType": "STRING",
            "attributeState": "ACTIVE",
            "attributeType": "COLLECTED",
            "length": 2000,
            "extended": false,
            "used": true,
            "required": false,
            "searchable": true,
            "typeAheadSearchable": false,
            "quickSearchable": true,
            "sortable": true,
            "listable": true,
            "quickInfo": false,
            "curatable": true,
            "allowStaticMapping": false,
            "entityType": "APPLICATION",
            "entityTypeModifiable": true,
            "truncatable": false,
            "joinable": false,
            "excludedFromSearch": false,
            "excludedFromCuration": false,
            "advancedSearchable": true,
            "reviewCriteria": false,
            "businessRoleCriteria": false,
            "excludedFromQuickSearch": false,
            "excludedFromSorting": false,
            "idmOnly": false,
            "reviewable": false,
            "readOnly": false,
            "excludedFromReview": false,
            "clobAttr": false
        },
        {
            "attributeId": 243,
            "attributeKey": "latestCollectedApp",
            "displayName": "(latestCollectedApp)",
            "multiValued": false,
            "attributeDataType": "STRING",
            "attributeState": "ACTIVE",
            "attributeType": "INTERNAL",
            "length": 0,
            "extended": false,
            "used": true,
            "required": false,
            "searchable": false,
            "typeAheadSearchable": false,
            "quickSearchable": false,
            "sortable": false,
            "listable": false,
            "quickInfo": false,
            "curatable": false,
            "allowStaticMapping": false,
            "entityType": "APPLICATION",
            "entityTypeModifiable": true,
            "truncatable": false,
            "joinable": false,
            "excludedFromSearch": true,
            "excludedFromCuration": true,
            "advancedSearchable": false,
            "reviewCriteria": false,
            "businessRoleCriteria": false,
            "excludedFromQuickSearch": false,
            "excludedFromSorting": false,
            "idmOnly": false,
            "reviewable": false,
            "readOnly": false,
            "excludedFromReview": false,
            "clobAttr": false
        },
        {
            "attributeId": 125,
            "attributeKey": "cost",
            "displayName": "Cost",
            "multiValued": false,
            "attributeDataType": "LONG",
            "attributeState": "ACTIVE",
            "attributeType": "COLLECTED",
            "length": 255,
            "extended": false,
            "used": true,
            "required": false,
            "searchable": true,
            "typeAheadSearchable": false,
            "quickSearchable": false,
            "sortable": true,
            "listable": true,
            "quickInfo": false,
            "curatable": true,
            "allowStaticMapping": true,
            "entityType": "APPLICATION",
            "entityTypeModifiable": true,
            "truncatable": false,
            "joinable": false,
            "excludedFromSearch": false,
            "excludedFromCuration": false,
            "advancedSearchable": false,
            "reviewCriteria": true,
            "businessRoleCriteria": false,
            "excludedFromQuickSearch": false,
            "excludedFromSorting": false,
            "idmOnly": false,
            "reviewable": false,
            "readOnly": false,
            "excludedFromReview": false,
            "clobAttr": false
        },
        {
            "attributeId": 83,
            "attributeKey": "description",
            "displayName": "Description",
            "multiValued": false,
            "attributeDataType": "STRING",
            "attributeState": "ACTIVE",
            "attributeType": "COLLECTED",
            "length": 2000,
            "extended": false,
            "used": true,
            "required": false,
            "searchable": true,
            "typeAheadSearchable": true,
            "quickSearchable": true,
            "sortable": false,
            "listable": true,
            "quickInfo": true,
            "curatable": true,
            "allowStaticMapping": false,
            "entityType": "APPLICATION",
            "entityTypeModifiable": true,
            "truncatable": true,
            "joinable": false,
            "excludedFromSearch": false,
            "excludedFromCuration": false,
            "advancedSearchable": true,
            "reviewCriteria": true,
            "businessRoleCriteria": false,
            "excludedFromQuickSearch": false,
            "excludedFromSorting": false,
            "idmOnly": false,
            "reviewable": false,
            "readOnly": false,
            "excludedFromReview": false,
            "clobAttr": false
        },
        {
            "attributeId": 290,
            "attributeKey": "owners",
            "displayName": "Owners",
            "multiValued": true,
            "attributeDataType": "STRING",
            "attributeState": "ACTIVE",
            "attributeType": "COLLECTED",
            "length": 255,
            "extended": false,
            "used": true,
            "required": false,
            "searchable": true,
            "typeAheadSearchable": false,
            "quickSearchable": false,
            "sortable": false,
            "listable": true,
            "quickInfo": false,
            "curatable": true,
            "allowStaticMapping": false,
            "entityType": "APPLICATION",
            "entityTypeModifiable": true,
            "truncatable": false,
            "joinable": false,
            "excludedFromSearch": false,
            "excludedFromCuration": false,
            "advancedSearchable": false,
            "reviewCriteria": true,
            "businessRoleCriteria": false,
            "excludedFromQuickSearch": false,
            "excludedFromSorting": true,
            "idmOnly": false,
            "reviewable": false,
            "readOnly": false,
            "excludedFromReview": false,
            "clobAttr": false
        },
        {
            "attributeId": 126,
            "attributeKey": "currency",
            "displayName": "Currency",
            "multiValued": false,
            "attributeDataType": "STRING",
            "attributeState": "ACTIVE",
            "attributeType": "COLLECTED",
            "length": 255,
            "extended": false,
            "used": true,
            "required": false,
            "searchable": true,
            "typeAheadSearchable": false,
            "quickSearchable": false,
            "sortable": false,
            "listable": true,
            "quickInfo": false,
            "curatable": true,
            "allowStaticMapping": true,
            "entityType": "APPLICATION",
            "entityTypeModifiable": true,
            "truncatable": false,
            "joinable": false,
            "enumType": "Currency:USD,EUR,GBP,JPY,BRL,CNY,UNDEFINED",
            "excludedFromSearch": false,
            "excludedFromCuration": false,
            "advancedSearchable": false,
            "reviewCriteria": true,
            "businessRoleCriteria": false,
            "excludedFromQuickSearch": false,
            "excludedFromSorting": false,
            "idmOnly": false,
            "reviewable": false,
            "readOnly": false,
            "excludedFromReview": false,
            "clobAttr": false
        },
        {
            "attributeId": 171,
            "attributeKey": "accountPermissionUniqueId",
            "displayName": "Permission ID for granting accounts",
            "multiValued": false,
            "attributeDataType": "STRING",
            "attributeState": "ACTIVE",
            "attributeType": "CONFIGURED",
            "length": 255,
            "extended": false,
            "used": true,
            "required": false,
            "searchable": false,
            "typeAheadSearchable": false,
            "quickSearchable": false,
            "sortable": false,
            "listable": false,
            "quickInfo": false,
            "curatable": false,
            "allowStaticMapping": false,
            "entityType": "APPLICATION",
            "entityTypeModifiable": true,
            "truncatable": true,
            "joinable": false,
            "excludedFromSearch": true,
            "excludedFromCuration": true,
            "advancedSearchable": false,
            "reviewCriteria": false,
            "businessRoleCriteria": false,
            "excludedFromQuickSearch": false,
            "excludedFromSorting": false,
            "idmOnly": false,
            "reviewable": false,
            "readOnly": false,
            "excludedFromReview": false,
            "clobAttr": false
        },
        {
            "attributeId": 372,
            "attributeKey": "entityCategories",
            "displayName": "Categories",
            "multiValued": true,
            "attributeDataType": "STRING",
            "attributeState": "ACTIVE",
            "attributeType": "ARC_MANAGED",
            "length": 255,
            "extended": false,
            "used": true,
            "required": false,
            "searchable": true,
            "typeAheadSearchable": false,
            "quickSearchable": false,
            "sortable": false,
            "listable": true,
            "quickInfo": true,
            "curatable": true,
            "allowStaticMapping": false,
            "entityType": "APPLICATION",
            "entityTypeModifiable": true,
            "truncatable": false,
            "joinable": false,
            "excludedFromSearch": false,
            "excludedFromCuration": true,
            "advancedSearchable": true,
            "reviewCriteria": false,
            "businessRoleCriteria": false,
            "excludedFromQuickSearch": false,
            "excludedFromSorting": false,
            "idmOnly": false,
            "reviewable": false,
            "readOnly": false,
            "excludedFromReview": false,
            "clobAttr": false
        },
        {
            "attributeId": 159,
            "attributeKey": "uniqueApplicationId",
            "displayName": "Unique Application ID",
            "multiValued": false,
            "attributeDataType": "STRING",
            "attributeState": "ACTIVE",
            "attributeType": "COLLECTED",
            "length": 1024,
            "extended": false,
            "used": true,
            "required": false,
            "searchable": false,
            "typeAheadSearchable": false,
            "quickSearchable": false,
            "sortable": true,
            "listable": true,
            "quickInfo": true,
            "curatable": true,
            "allowStaticMapping": false,
            "entityType": "APPLICATION",
            "entityTypeModifiable": true,
            "truncatable": false,
            "joinable": false,
            "excludedFromSearch": false,
            "excludedFromCuration": true,
            "advancedSearchable": false,
            "reviewCriteria": false,
            "businessRoleCriteria": false,
            "excludedFromQuickSearch": false,
            "excludedFromSorting": false,
            "idmOnly": false,
            "reviewable": false,
            "readOnly": false,
            "excludedFromReview": false,
            "clobAttr": false
        }
    ]
}