{
    "appSourceId": 16,
    "name": "IDM-ad",
    "type": "ENTERPRISE",
    "dataSourceType": "APPLICATION",
    "syncPermissionsToIdm": false,
    "dataCollectors": {
        "arraySize": 2,
        "collectors": [
            {
                "collectorId": 24,
                "name": "Account",
                "collectorType": "ACCOUNT",
                "templateId": 114,
                "templateUniqueId": "EnhancedIDMAccountCollector",
                "templateVersion": "4.2.0",
                "configuration": "{\"data-source-name\":\"IDM-ad\",\"collector-name\":\"Account\",\"collectorType\":\"ACCOUNT\",\"service-identifier\":\"EnhancedIDMAccountCollector-16-24-2fb64a670b554346b0313d6171a435a5\",\"class\":\"com.pointbluetech.ida.collector.idm.entitlement.IDMEntitlementCollectionService\",\"allow-connection-test\":true,\"version\":\"4.2.0\",\"ecma-scripts\":[{\"name\":\"AD Disabled flag\",\"description\":\"\",\"script\":\"var disabled = Number(inputValue)&2;\\nif (disabled==0) {\\noutputValue='false'\\n} else {\\noutputValue='true'\\n}\",\"value\":\"userAccountControl\",\"noSchema\":true},{\"name\":\"timestamp to date\",\"description\":\"\",\"script\":\"\\\/\\\/timeEntry = inputValue[0];\\ntimeStr = inputValue[0].replace(\\\/\\\\D+\\\/g, '');\\ntimeNumber = Number(timeStr);\\n\\nif (timeNumber === '0') {outputValue = null;}else {var finalDate = new Date(timeNumber\\\/1e4 + new Date(Date.UTC(1601,0,1)).getTime());outputValue = finalDate.getTime().toString();}\\n\\n\",\"value\":\"lastLogon\",\"noSchema\":true},{\"name\":\"AD Alias List\",\"description\":\"\",\"script\":\"\\\/* Put all non-null values of all JSON fields into an array *\\\/\\nvar jObject = JSON.parse(inputValue);\\nvar aliasArray = [];\\nif ((jObject['DirXML-ADAliasName'] !== undefined) && (jObject['DirXML-ADAliasName'].length > 0)) {aliasArray.push(jObject['DirXML-ADAliasName']);} if ((jObject.sAMAccountName !== undefined) && (jObject.sAMAccountName.length > 0)) {aliasArray.push(jObject.sAMAccountName);}if ((jObject.distinguishedName !== undefined) && (jObject.distinguishedName.length > 0)) {aliasArray.push(jObject.distinguishedName);}  if ((jObject.objectGUID !== undefined) && (jObject.objectGUID.length > 0)) {aliasArray.push(jObject.objectGUID);} \\ni=0;\\nwhile(i<aliasArray.length)\\n{\\n    aliasArray[i] = aliasArray[i].replace(\\\/\\\"\\\/g, '');\\n    aliasArray[i] = aliasArray[i].replace(\\\/[\\\\[\\\\]']+\\\/g,'');\\n    i++;\\n}\\noutputValue = JSON.stringify(aliasArray);\",\"value\":\"distinguishedName\",\"noSchema\":true},{\"name\":\"guidToString\",\"description\":\"Converts Base64 encoded guid to hex string\",\"script\":\"function base64DecodeToBytes(input) {\\n\\tconst keyStr = \\\"ABCDEFGHIJKLMNOPQRSTUVWXYZabcdefghijklmnopqrstuvwxyz0123456789+\\\/=\\\";\\n\\tlet output = [];\\n\\tlet chr1, chr2, chr3;\\n\\tlet enc1, enc2, enc3, enc4;\\n\\tlet i = 0;\\n\\t\\n\\tinput = input.replace(\\\/[^A-Za-z0-9\\\\+\\\\\\\/\\\\=]\\\/g, \\\"\\\");\\n\\t\\n\\twhile (i < input.length) {\\n\\t\\tenc1 = keyStr.indexOf(input.charAt(i++));\\n\\t\\tenc2 = keyStr.indexOf(input.charAt(i++));\\n\\t\\tenc3 = keyStr.indexOf(input.charAt(i++));\\n\\t\\tenc4 = keyStr.indexOf(input.charAt(i++));\\n\\t\\t\\n\\t\\tchr1 = (enc1 << 2) | (enc2 >> 4);\\n\\t\\tchr2 = ((enc2 & 15) << 4) | (enc3 >> 2);\\n\\t\\tchr3 = ((enc3 & 3) << 6) | enc4;\\n\\t\\t\\n\\t\\toutput.push(chr1);\\n\\t\\t\\n\\t\\tif (enc3 != 64) {\\n\\t\\t\\toutput.push(chr2);\\n\\t\\t}\\n\\t\\tif (enc4 != 64) {\\n\\t\\t\\toutput.push(chr3);\\n\\t\\t}\\n\\t}\\n\\t\\n\\treturn output;\\n}\\n\\nfunction guidToString(guid) {\\n    if (!guid || guid.length === 0)\\n        return \\\"\\\";\\n\\n    let decoded = base64DecodeToBytes(guid); \\\/\\\/ Use the base64DecodeToBytes function from previous conversation\\n    let hex = '';\\n    for (let i = 0; i < decoded.length; i++) {\\n        let byte = decoded[i];\\n        hex += ('0' + (byte & 0xFF).toString(16)).slice(-2);\\n    }\\n    let guidStr = hex.toUpperCase();\\n    return guidStr;\\n}\\noutputValue = guidToString(inputValue);\",\"value\":\"GUID\",\"noSchema\":true},{\"name\":\"ldapTimeToDate\",\"description\":\"\",\"script\":\"function ldapToJS(n) {\\n\\n  \\\/\\\/ Longer, equivalent to short version\\n  \\\/\\\/ return new Date(n\\\/1e4 + new Date(Date.UTC(1601,0,1)).getTime());\\n\\n  \\\/\\\/ Shorter, more efficient. Uses time value for 1601-01-01 UTC\\n  return new Date(n\\\/1e4 - 1.16444736e13);\\n}\\n\\noutputValue = ldapToJS(inputValue).toISOString();\",\"value\":\"lastLogonTimestamp\",\"noSchema\":true}],\"service-parms\":[{\"name\":\"use_bridge_connector\",\"display-name\":\"Use Cloud Bridge connector?\",\"description\":\"Select 'No' if the collector will connect directly to the Identity Manager system.  Select 'Yes' if the collector will access Identity Manager via the Cloud Bridge.\",\"data-type\":\"string\",\"default-value\":0,\"value\":0,\"required\":true,\"options\":[{\"display-name\":\"Yes\",\"value\":1},{\"display-name\":\"No\",\"value\":0}],\"data_source_connection_parm\":false},{\"name\":\"data_source_conn_id\",\"display-name\":\"Select a Cloud Bridge Data Source Connection\",\"description\":\"Choose the Cloud Bridge Data Source Connection that provides connectivity for this collector\",\"data-type\":\"string\",\"default-value\":0,\"value\":0,\"required\":true,\"hidden\":true,\"options\":[{\"display-name\":\"(Select a Data Source Connection)\",\"value\":0}],\"conditional_param\":{\"use_bridge_connector\":1},\"data_source_connection_parm\":false},{\"name\":\"server\",\"display-name\":\"Host\",\"description\":\"IP or DNS address of IDM Identity Vault Server\",\"data-type\":\"string\",\"value\":\"172.17.2.81\",\"required\":true,\"options\":null,\"data_source_connection_parm\":false},{\"name\":\"port\",\"display-name\":\"Port\",\"description\":\"LDAP Service Port Number\",\"data-type\":\"numeric\",\"default-value\":389,\"value\":\"636\",\"required\":true,\"options\":null,\"data_source_connection_parm\":false},{\"name\":\"user\",\"display-name\":\"User Name\",\"description\":\"LDAP-format User name used to connect to IDM Identity Vault Server\",\"data-type\":\"string\",\"default-value\":\"cn=admin,ou=sa,o=system\",\"value\":\"cn=admin,ou=sa,o=system\",\"required\":true,\"hidden\":false,\"credential-type\":\"user\",\"credential-position\":0,\"options\":null,\"conditional_param\":{\"use_bridge_connector\":0},\"data_source_connection_parm\":true},{\"name\":\"password\",\"display-name\":\"Password\",\"description\":\"Password\",\"data-type\":\"password\",\"value\":\"$$$$\",\"required\":true,\"hidden\":false,\"credential-type\":\"password\",\"credential-position\":0,\"pwd_parms\":\"[\\\"server\\\",\\\"port\\\"]\",\"options\":null,\"conditional_param\":{\"use_bridge_connector\":0},\"data_source_connection_parm\":true},{\"name\":\"security-certificate\",\"display-name\":\"Server Certificate\",\"description\":\"Base-64 encoded certificate from target IDM Identity Vault Server\",\"data-type\":\"string\",\"default-value\":\"\",\"value\":\"\",\"required\":false,\"conn-parms\":\"[\\\"server\\\",\\\"port\\\"]\",\"certificate-parm\":true,\"options\":null,\"data_source_connection_parm\":false},{\"name\":\"entitlement_dn\",\"display-name\":\"Entitlement Distinguished Name\",\"description\":\"LDAP Distinguished Name of Entitlement in IDM Driver\",\"data-type\":\"string\",\"default-value\":\"\",\"value\":\"cn=UserAccount,cn=Active Directory Driver,cn=driverset1,o=system\",\"required\":true,\"options\":null,\"data_source_connection_parm\":false},{\"name\":\"driver-name\",\"display-name\":\"Driver Distinguished Name\",\"description\":\"LDAP Distinguished Name of IDM Driver\",\"data-type\":\"string\",\"default-value\":\"\",\"value\":\"cn=Active Directory Driver,cn=driverset1,o=system\",\"required\":true,\"options\":null,\"data_source_connection_parm\":false},{\"name\":\"dxml-search-class\",\"display-name\":\"Object Class\",\"description\":\"Object class for default query\",\"data-type\":\"string\",\"default-value\":\"User\",\"value\":\"User\",\"required\":true,\"options\":null,\"data_source_connection_parm\":false},{\"name\":\"custom-query\",\"display-name\":\"Custom Query\",\"description\":\"Custom query to be used for collection\",\"data-type\":\"string\",\"default-value\":\"\",\"value\":\"<?xml version=\\\"1.0\\\" encoding=\\\"UTF-8\\\" standalone=\\\"no\\\"?><nds dtdversion=\\\"2.0\\\"><input><query class-name=\\\"User\\\" event-id=\\\"IG:query\\\" scope=\\\"subtree\\\"><search-class class-name=\\\"User\\\"\\\/><read-attr attr-name=\\\"dirxml-uACAccountDisable\\\"\\\/><read-attr attr-name=\\\"Description\\\"\\\/><read-attr attr-name=\\\"userPrincipalName\\\"\\\/><read-attr attr-name=\\\"sAMAccountName\\\"\\\/><read-attr attr-name=\\\"given name\\\"\\\/><read-attr attr-name=\\\"surname\\\"\\\/><read-attr attr-name=\\\"name\\\"\\\/><read-attr attr-name=\\\"displayName\\\"\\\/><read-attr attr-name=\\\"userAccountControl\\\"\\\/><read-attr attr-name=\\\"title\\\"\\\/><read-attr attr-name=\\\"lastLogon\\\"\\\/><read-attr attr-name=\\\"accountExpires\\\"\\\/><read-attr attr-name=\\\"distinguishedName\\\"\\\/><read-attr attr-name=\\\"objectGUID\\\"\\\/><read-attr attr-name=\\\"objectSid\\\"\\\/><read-attr attr-name=\\\"whenCreated\\\"\\\/><operation-data ig-account-collection-query=\\\"true\\\" ig-collection-query=\\\"true\\\"\\\/><\\\/query><\\\/input><\\\/nds>\",\"required\":false,\"options\":null,\"data_source_connection_parm\":false},{\"name\":\"chunk-request-ttl\",\"display-name\":\"Batch Collection Session Timeout Value\",\"description\":\"Number of seconds of idle time before a batched collection session is terminated\",\"data-type\":\"numeric\",\"default-value\":60,\"value\":60,\"required\":true,\"options\":null,\"data_source_connection_parm\":false},{\"name\":\"page-size-limit\",\"display-name\":\"Batch Size Limit\",\"description\":\"Maximum Paged Response Size\",\"data-type\":\"numeric\",\"default-value\":1000,\"value\":1000,\"required\":true,\"options\":null,\"data_source_connection_parm\":false},{\"name\":\"ldap-read-timeout\",\"display-name\":\"Driver Query Session Timeout Value\",\"description\":\"Number of seconds before a driver query session is terminated\",\"data-type\":\"numeric\",\"default-value\":60,\"value\":60,\"required\":true,\"options\":null,\"data_source_connection_parm\":false}],\"views\":[{\"name\":\"account\",\"display-name\":\"Account\",\"collection-required\":true,\"collect\":true,\"input-transforms\":[{\"view-name\":\"aliases\",\"script-name\":\"AD Alias List\"},{\"view-name\":\"userLink\",\"script-name\":\"guidToString\"},{\"view-name\":\"connAcctId\",\"script-name\":\"guidToString\"},{\"view-name\":\"lastLogin\",\"script-name\":\"ldapTimeToDate\"}],\"view-parms\":[{\"name\":\"search-class\",\"description\":\"Collect the full IDM Role, Resource, and Entitlement Account Model\",\"required\":true,\"hidden\":true,\"value\":\"Account\",\"display-name\":\"IDM Account Collection\",\"default-value\":\"Account\",\"data-type\":\"string\"}],\"schema-map-filter\":{\"generic-map\":[{\"view-name\":\"accountId\",\"app-name\":\"association\",\"required\":true,\"hidden\":false},{\"view-name\":\"description\",\"app-name\":\"Description\",\"required\":false,\"hidden\":false},{\"view-name\":\"name\",\"app-name\":\"name\",\"required\":false,\"hidden\":false},{\"view-name\":\"userLink\",\"app-name\":\"GUID\",\"required\":false,\"hidden\":false},{\"view-name\":\"type\",\"app-name\":\"entitlementDn\",\"required\":false,\"hidden\":false},{\"view-name\":\"disabled\",\"app-name\":\"Login Disabled\",\"required\":false,\"hidden\":false},{\"view-name\":\"userId\",\"app-name\":\"entryDn\",\"required\":false,\"hidden\":false},{\"view-name\":\"idmAccountId\",\"app-name\":\"'iglab.com'\",\"required\":false,\"hidden\":false},{\"view-name\":\"logicalId\",\"app-name\":\"liid\",\"required\":false,\"hidden\":false},{\"view-name\":\"aliases\",\"app-name\":\"[\\\"DirXML-ADAliasName\\\",\\\"distinguishedName\\\",\\\"CN\\\",\\\"objectGUID\\\"]\",\"required\":false,\"read-only-mapping\":false,\"hidden\":false},{\"view-name\":\"connAcctId\",\"app-name\":\"GUID\",\"required\":false,\"read-only-mapping\":false,\"hidden\":false},{\"view-name\":\"lastLogin\",\"app-name\":\"lastLogonTimestamp\",\"required\":false,\"read-only-mapping\":false,\"hidden\":false},{\"view-name\":\"privileged\",\"app-name\":\"\",\"required\":false,\"read-only-mapping\":false,\"hidden\":false},{\"view-name\":\"state\",\"app-name\":\"userAccountControl\",\"required\":false,\"read-only-mapping\":false,\"hidden\":false},{\"view-name\":\"collectedUsersOwners\",\"app-name\":\"\",\"required\":false,\"read-only-mapping\":false,\"hidden\":false},{\"view-name\":\"cost\",\"app-name\":\"\",\"required\":false,\"read-only-mapping\":false,\"hidden\":false},{\"view-name\":\"risk\",\"app-name\":\"\",\"required\":false,\"read-only-mapping\":false,\"hidden\":false},{\"view-name\":\"driverId\",\"app-name\":\"\",\"required\":false,\"read-only-mapping\":false,\"hidden\":false},{\"view-name\":\"ext_uPN\",\"app-name\":\"DirXML-ADAliasName\",\"required\":false,\"read-only-mapping\":false,\"hidden\":false},{\"view-name\":\"ext_whenCreated\",\"app-name\":\"whenCreated\",\"required\":false,\"read-only-mapping\":false,\"hidden\":false}]},\"do_test_collection\":true,\"test_collection_size\":0,\"raw_test_collection\":true}]}",
                "status": "ACTIVE",
                "appSourceId": 16,
                "resolutionAttributes": [
                    {
                        "attributeKey": "userLink",
                        "attributeEntityType": "ACCOUNT",
                        "resolutionAttributeKey": "guid",
                        "resolutionAttributeEntityType": "USER",
                        "collectorType": "ACCOUNT"
                    },
                    {
                        "attributeKey": "collectedUsersOwners",
                        "attributeEntityType": "ACCOUNT",
                        "resolutionAttributeKey": "userId",
                        "resolutionAttributeEntityType": "USER",
                        "collectorType": "ACCOUNT"
                    }
                ],
                "lastCollectionTime": 1711389155616,
                "lastCollectionStatus": "COMPLETED",
                "version": "57",
                "lastUpdateTime": 1711389136237,
                "hasPublished": true,
                "defaultRtcEventPollingInterval": 3600000,
                "defaultRtcMaxPollingTimeout": 120000,
                "showRestorePrompt": false
            },
            {
                "collectorId": 42,
                "name": "Group2",
                "collectorType": "PERMISSION",
                "templateId": 128,
                "templateUniqueId": "EnhancedIDMPermissionCollectorV3",
                "templateVersion": "4.2.1",
                "configuration": "{\"data-source-name\":\"IDM-ad\",\"collector-name\":\"Group2\",\"collectorType\":\"PERMISSION\",\"service-identifier\":\"EnhancedIDMPermissionCollectorV3-1711377906234-gromitid-8\",\"class\":\"com.pointbluetech.ida.collector.idm.entitlement.IDMEntitlementCollectionService\",\"allow-connection-test\":true,\"version\":\"4.2.1\",\"ecma-scripts\":[],\"service-parms\":[{\"name\":\"use_bridge_connector\",\"display-name\":\"Use Cloud Bridge connector?\",\"description\":\"Select 'No' if the collector will connect directly to the Identity Manager system.  Select 'Yes' if the collector will access Identity Manager via the Cloud Bridge.\",\"data-type\":\"string\",\"default-value\":0,\"value\":0,\"required\":true,\"options\":[{\"display-name\":\"Yes\",\"value\":1},{\"display-name\":\"No\",\"value\":0}],\"data_source_connection_parm\":false},{\"name\":\"data_source_conn_id\",\"display-name\":\"Select a Cloud Bridge Data Source Connection\",\"description\":\"Choose the Cloud Bridge Data Source Connection that provides connectivity for this collector\",\"data-type\":\"string\",\"default-value\":0,\"value\":0,\"required\":true,\"hidden\":true,\"options\":[{\"display-name\":\"(Select a Data Source Connection)\",\"value\":0}],\"conditional_param\":{\"use_bridge_connector\":1},\"data_source_connection_parm\":false},{\"name\":\"server\",\"display-name\":\"Host\",\"description\":\"IP or DNS address of IDM Identity Vault Server\",\"data-type\":\"string\",\"value\":\"172.17.2.81\",\"required\":true,\"options\":null,\"data_source_connection_parm\":false},{\"name\":\"port\",\"display-name\":\"Port\",\"description\":\"LDAP Service Port Number\",\"data-type\":\"numeric\",\"default-value\":636,\"value\":636,\"required\":true,\"options\":null,\"data_source_connection_parm\":false},{\"name\":\"user\",\"display-name\":\"User Name\",\"description\":\"LDAP-format User name used to connect to IDM Identity Vault Server\",\"data-type\":\"string\",\"default-value\":\"cn=admin,ou=sa,o=system\",\"value\":\"cn=admin,ou=sa,o=system\",\"required\":true,\"hidden\":false,\"credential-type\":\"user\",\"credential-position\":0,\"options\":null,\"conditional_param\":{\"use_bridge_connector\":0},\"data_source_connection_parm\":true},{\"name\":\"password\",\"display-name\":\"Password\",\"description\":\"Password\",\"data-type\":\"password\",\"value\":\"$$$$\",\"required\":true,\"hidden\":false,\"credential-type\":\"password\",\"credential-position\":0,\"pwd_parms\":\"[\\\"server\\\",\\\"port\\\"]\",\"options\":null,\"conditional_param\":{\"use_bridge_connector\":0},\"data_source_connection_parm\":true},{\"name\":\"security-certificate\",\"display-name\":\"Server Certificate\",\"description\":\"Base-64 encoded certificate from target IDM Identity Vault Server\",\"data-type\":\"string\",\"default-value\":\"\",\"value\":\"\",\"required\":false,\"conn-parms\":\"[\\\"server\\\",\\\"port\\\"]\",\"certificate-parm\":true,\"options\":null,\"data_source_connection_parm\":false},{\"name\":\"driver-name\",\"display-name\":\"Driver Distinguished Name\",\"description\":\"LDAP Distinguished Name of IDM Driver\",\"data-type\":\"string\",\"default-value\":\"\",\"value\":\"cn=Active Directory Driver,cn=driverset1,o=system\",\"required\":true,\"options\":null},{\"name\":\"entitlement_dn\",\"display-name\":\"Entitlement Distinguished Name\",\"description\":\"LDAP Distinguished Name of Entitlement in IDM Driver\",\"data-type\":\"string\",\"default-value\":\"\",\"value\":\"cn=Active Directory Driver,cn=driverset1,o=system\",\"required\":true,\"options\":null,\"data_source_connection_parm\":false},{\"name\":\"dxml-search-class\",\"display-name\":\"Object Class\",\"description\":\"Object class for default query\",\"data-type\":\"string\",\"default-value\":\"User\",\"value\":\"User\",\"required\":true,\"options\":null},{\"name\":\"custom-query\",\"display-name\":\"Custom Query\",\"description\":\"Custom query to be used for collection\",\"data-type\":\"string\",\"default-value\":\"\",\"value\":\"\",\"required\":false,\"options\":null},{\"name\":\"chunk-request-ttl\",\"display-name\":\"Batch Collection Session Timeout Value\",\"description\":\"Number of seconds of idle time before a batched collection session is terminated\",\"data-type\":\"numeric\",\"default-value\":60,\"value\":60,\"required\":true,\"options\":null,\"data_source_connection_parm\":false},{\"name\":\"page-size-limit\",\"display-name\":\"Batch Size Limit\",\"description\":\"Maximum Paged Response Size\",\"data-type\":\"numeric\",\"default-value\":1000,\"value\":1000,\"required\":true,\"options\":null,\"data_source_connection_parm\":false},{\"name\":\"ldap-read-timeout\",\"display-name\":\"Driver Query Session Timeout Value\",\"description\":\"Number of seconds before a driver query session is terminated\",\"data-type\":\"numeric\",\"default-value\":60,\"value\":60,\"required\":true,\"options\":null,\"data_source_connection_parm\":false}],\"views\":[{\"name\":\"permission\",\"display-name\":\"Permission\",\"collection-required\":true,\"collect\":true,\"input-transforms\":[],\"view-parms\":[{\"name\":\"search-class\",\"description\":\"Collect the full IDM Role, Resource, and Entitlement Permission Model\",\"required\":true,\"hidden\":true,\"value\":\"permission\",\"display-name\":\"IDM Permission Collection\",\"default-value\":\"permission\",\"data-type\":\"string\"},{\"name\":\"view-dxml-search-class\",\"description\":\"Object class for default query\",\"required\":true,\"value\":\"Group\",\"selectedValue\":\"Group\",\"display-name\":\"Object Class\",\"default-value\":\"User\",\"data-type\":\"string\"},{\"name\":\"view-custom-query\",\"description\":\"Custom query to be used for collection\",\"default_value\":\"\",\"required\":false,\"value\":\"<nds dtdversion=\\\"2.0\\\">      <input>          <query class-name=\\\"Group\\\" event-id=\\\"ENTITLEMENT:Group\\\" scope=\\\"subtree\\\" subscriber-type=\\\"service\\\">              <search-class class-name=\\\"Group\\\"\\\/>              <read-attr attr-name=\\\"Description\\\"\\\/>   <read-attr attr-name=\\\"managedBy\\\"\\\/>            <read-attr attr-name=\\\"member\\\"\\\/>             <read-attr attr-name=\\\"CN\\\"\\\/>             <read-attr attr-name=\\\"sAMAccountName\\\"\\\/>             <operation-data ig-collection-query=\\\"true\\\"\\\/>         <\\\/query>      <\\\/input>  <\\\/nds>\",\"selectedValue\":\"<nds dtdversion=\\\"2.0\\\">      <input>          <query class-name=\\\"Group\\\" event-id=\\\"ENTITLEMENT:Group\\\" scope=\\\"subtree\\\" subscriber-type=\\\"service\\\">              <search-class class-name=\\\"Group\\\"\\\/>              <read-attr attr-name=\\\"Description\\\"\\\/>   <read-attr attr-name=\\\"managedBy\\\"\\\/>            <read-attr attr-name=\\\"member\\\"\\\/>             <read-attr attr-name=\\\"CN\\\"\\\/>             <read-attr attr-name=\\\"sAMAccountName\\\"\\\/>             <operation-data ig-collection-query=\\\"true\\\"\\\/>         <\\\/query>      <\\\/input>  <\\\/nds>\",\"display-name\":\"Custom Query\",\"data-type\":\"string\"}],\"schema-map-filter\":{\"generic-map\":[{\"view-name\":\"permissionId\",\"app-name\":\"association\",\"required\":true,\"hidden\":false},{\"view-name\":\"provNativeValue\",\"app-name\":\"id2\",\"required\":false,\"hidden\":false},{\"view-name\":\"logicalId\",\"app-name\":\"liid\",\"required\":false,\"hidden\":false},{\"view-name\":\"description\",\"app-name\":\"Description\",\"required\":false,\"hidden\":false},{\"view-name\":\"name\",\"app-name\":\"CN\",\"required\":false,\"hidden\":false},{\"view-name\":\"holderLink\",\"app-name\":\"Member\",\"required\":false,\"hidden\":false},{\"view-name\":\"type\",\"app-name\":\"entitlementDn\",\"required\":false,\"hidden\":false},{\"view-name\":\"ext_safeID\",\"app-name\":\"\",\"required\":false,\"read-only-mapping\":false,\"hidden\":false},{\"view-name\":\"assignable\",\"app-name\":\"\",\"required\":false,\"read-only-mapping\":false,\"hidden\":false},{\"view-name\":\"cost\",\"app-name\":\"\",\"required\":false,\"read-only-mapping\":false,\"hidden\":false},{\"view-name\":\"excludeFromCatalog\",\"app-name\":\"\",\"required\":false,\"read-only-mapping\":false,\"hidden\":false},{\"view-name\":\"provAttribute\",\"app-name\":\"\",\"required\":false,\"read-only-mapping\":false,\"hidden\":false},{\"view-name\":\"provUniquePermissionId\",\"app-name\":\"\",\"required\":false,\"read-only-mapping\":false,\"hidden\":false},{\"view-name\":\"collectedUsersOwners\",\"app-name\":\"Owner\",\"required\":false,\"read-only-mapping\":false,\"hidden\":false},{\"view-name\":\"risk\",\"app-name\":\"\",\"required\":false,\"read-only-mapping\":false,\"hidden\":false},{\"view-name\":\"collectedUniqueAppId\",\"app-name\":\"\",\"required\":false,\"read-only-mapping\":false,\"hidden\":false},{\"view-name\":\"staticPermission\",\"app-name\":\"\",\"required\":false,\"read-only-mapping\":false,\"hidden\":false},{\"view-name\":\"driverId\",\"app-name\":\"\",\"required\":false,\"read-only-mapping\":false,\"hidden\":false},{\"view-name\":\"parentPermissionId\",\"app-name\":\"\",\"required\":false,\"read-only-mapping\":false,\"hidden\":false},{\"view-name\":\"childPermissionId\",\"app-name\":\"\",\"required\":false,\"read-only-mapping\":false,\"hidden\":false}]},\"do_test_collection\":false,\"test_collection_size\":0,\"raw_test_collection\":true},{\"name\":\"permission_hierarchy_to_child\",\"display-name\":\"Permission hierarchy based on parent to child\",\"collection-required\":false,\"collect\":false,\"input-transforms\":[],\"view-parms\":[{\"name\":\"search-class\",\"description\":\"Collect the full IDM Role, Resource, and Entitlement Permission Model\",\"required\":true,\"hidden\":true,\"value\":\"permission\",\"display-name\":\"IDM Permission Collection\",\"default-value\":\"permission\",\"data-type\":\"string\"},{\"name\":\"view-dxml-search-class\",\"description\":\"Object class for default query\",\"required\":true,\"value\":\"User\",\"display-name\":\"Object Class\",\"default-value\":\"User\",\"data-type\":\"string\"},{\"name\":\"view-custom-query\",\"description\":\"Custom query to be used for collection\",\"default_value\":\"\",\"required\":false,\"value\":\"\",\"display-name\":\"Custom Query\",\"data-type\":\"string\"}],\"schema-map-filter\":{\"generic-map\":[{\"view-name\":\"parentPermissionId\",\"app-name\":\"permissionId\",\"required\":true},{\"view-name\":\"childPermissionId\",\"app-name\":\"childPermissionId\",\"required\":true},{\"view-name\":\"atype\",\"app-name\":\"\",\"required\":false,\"read-only-mapping\":false,\"hidden\":false},{\"view-name\":\"startTime\",\"app-name\":\"\",\"required\":false,\"read-only-mapping\":false,\"hidden\":false},{\"view-name\":\"endTime\",\"app-name\":\"\",\"required\":false,\"read-only-mapping\":false,\"hidden\":false}]}},{\"name\":\"permission_hierarchy_to_parent\",\"display-name\":\"Permission hierarchy based on child to parent\",\"collection-required\":false,\"collect\":false,\"input-transforms\":[],\"view-parms\":[{\"name\":\"search-class\",\"description\":\"Collect the full IDM Role, Resource, and Entitlement Permission Model\",\"required\":true,\"hidden\":true,\"value\":\"permission\",\"display-name\":\"IDM Permission Collection\",\"default-value\":\"permission\",\"data-type\":\"string\"},{\"name\":\"view-dxml-search-class\",\"description\":\"Object class for default query\",\"required\":true,\"value\":\"User\",\"display-name\":\"Object Class\",\"default-value\":\"User\",\"data-type\":\"string\"},{\"name\":\"view-custom-query\",\"description\":\"Custom query to be used for collection\",\"default_value\":\"\",\"required\":false,\"value\":\"\",\"display-name\":\"Custom Query\",\"data-type\":\"string\"}],\"schema-map-filter\":{\"generic-map\":[{\"view-name\":\"childPermissionId\",\"app-name\":\"permissionId\",\"required\":true},{\"view-name\":\"parentPermissionId\",\"app-name\":\"parentPermissionId\",\"required\":true},{\"view-name\":\"atype\",\"app-name\":\"\",\"required\":false,\"read-only-mapping\":false,\"hidden\":false},{\"view-name\":\"startTime\",\"app-name\":\"\",\"required\":false,\"read-only-mapping\":false,\"hidden\":false},{\"view-name\":\"endTime\",\"app-name\":\"\",\"required\":false,\"read-only-mapping\":false,\"hidden\":false}]}}]}",
                "status": "ACTIVE",
                "appSourceId": 16,
                "resolutionAttributes": [
                    {
                        "attributeKey": "collectedUsersOwners",
                        "attributeEntityType": "PERMISSION",
                        "resolutionAttributeKey": "ext_aDDN",
                        "resolutionAttributeEntityType": "USER",
                        "collectorType": "PERMISSION"
                    },
                    {
                        "attributeKey": "holderLink",
                        "attributeEntityType": "PERMISSION",
                        "resolutionAttributeKey": "ext_aDDN",
                        "resolutionAttributeEntityType": "USER",
                        "collectorType": "PERMISSION"
                    },
                    {
                        "attributeKey": "collectedUsersOwners",
                        "attributeEntityType": "PERMISSION",
                        "resolutionAttributeKey": "groupId",
                        "resolutionAttributeEntityType": "GROUP",
                        "collectorType": "PERMISSION"
                    }
                ],
                "lastCollectionTime": 1711388195618,
                "lastCollectionStatus": "COMPLETED",
                "version": "7",
                "lastUpdateTime": 1711389136234,
                "hasPublished": true,
                "defaultRtcEventPollingInterval": 3600000,
                "defaultRtcMaxPollingTimeout": 120000,
                "showRestorePrompt": false
            }
        ]
    },
    "applicationDataNode": {
        "appId": 16,
        "appType": "ENTERPRISE",
        "attributes": [
            {
                "attributeId": 732,
                "attributeKey": "createDate",
                "attributeType": "ARC_MANAGED",
                "attributeDataType": "DATE",
                "attributeValue": "1708276045720"
            },
            {
                "attributeId": 731,
                "attributeKey": "createdBy",
                "attributeType": "ARC_MANAGED",
                "attributeDataType": "STRING",
                "attributeValue": "UserApplication Administrator"
            },
            {
                "attributeId": 82,
                "attributeKey": "name",
                "attributeType": "COLLECTED",
                "attributeDataType": "STRING",
                "attributeValue": "IDM-ad"
            },
            {
                "attributeId": 170,
                "attributeKey": "showAccountNameOnReviewItem",
                "attributeType": "CONFIGURED",
                "attributeDataType": "BOOLEAN",
                "attributeValue": "true"
            },
            {
                "attributeId": 733,
                "attributeKey": "updatedBy",
                "attributeType": "ARC_MANAGED",
                "attributeDataType": "STRING",
                "attributeValue": "UserApplication Administrator"
            }
        ],
        "userCount": 0,
        "permCount": 0,
        "hasAccountCollector": true,
        "createdBy": {
            "userId": 20,
            "userUniqueId": "3f601ca39a0548008a08e5d54bc5b249",
            "name": "UserApplication Administrator",
            "deleted": false
        },
        "updatedBy": {
            "userId": 20,
            "userUniqueId": "3f601ca39a0548008a08e5d54bc5b249",
            "name": "UserApplication Administrator",
            "deleted": false
        },
        "permissionSyncInfo": {
            "syncPermissionsToIdm": false,
            "resourceOwner": {}
        },
        "editable": false,
        "requestPolicy": {
            "displayName": "Default request policy",
            "displayDescription": "This is the default access request policy. It is used to allow users to request all permissions, applications or roles that are not directly assigned to an access request policy.",
            "uniqueId": "02d4320d062d4feab2129f050527e7d8",
            "id": 1
        },
        "uniqueId": "f4864de718ec4030b8906d066faac153",
        "qid": "f4864de718ec4030b8906d066faac153",
        "multiAppFlag": false,
        "deleted": false
    },
    "multiAppFlag": false,
    "multiAppCollectorAllowable": false,
    "multiAppTargetAllowable": false,
    "qid": "f4864de718ec4030b8906d066faac153",
    "export-version": "4.2.0 ",
    "export-date": "25-3-2024 01:05:24"
}