{
    "type": "GROUP",
    "export-version": "4.2.0 ",
    "export-date": "25-3-2024 01:05:24",
    "schema": [{
        "attributeId": 26,
        "attributeKey": "groupId",
        "displayName": "Group ID from Source",
        "multiValued": false,
        "attributeDataType": "STRING",
        "attributeState": "ACTIVE",
        "attributeType": "COLLECTED",
        "length": 255,
        "extended": false,
        "used": true,
        "required": true,
        "searchable": true,
        "typeAheadSearchable": false,
        "quickSearchable": false,
        "sortable": false,
        "listable": true,
        "quickInfo": false,
        "curatable": false,
        "allowStaticMapping": true,
        "entityType": "GROUP",
        "entityTypeModifiable": true,
        "truncatable": false,
        "joinable": false,
        "excludedFromSearch": true,
        "excludedFromCuration": true,
        "advancedSearchable": true,
        "reviewCriteria": false,
        "businessRoleCriteria": false,
        "excludedFromQuickSearch": false,
        "excludedFromSorting": false,
        "idmOnly": false,
        "reviewable": false,
        "readOnly": false,
        "excludedFromReview": false,
        "clobAttr": false
    }]
}