{
    "type": "PERMISSION",
    "export-version": "4.2.0 ",
    "export-date": "25-3-2024 01:05:24",
    "schema": [
        {
            "attributeId": 254,
            "attributeKey": "collectedUsersOwners",
            "displayName": "Permission-owners mapping",
            "multiValued": true,
            "attributeDataType": "STRING",
            "attributeState": "ACTIVE",
            "attributeType": "COLLECTED",
            "length": 256,
            "extended": false,
            "used": true,
            "required": false,
            "searchable": true,
            "typeAheadSearchable": false,
            "quickSearchable": false,
            "sortable": false,
            "listable": false,
            "quickInfo": false,
            "curatable": false,
            "allowStaticMapping": false,
            "entityType": "PERMISSION",
            "entityTypeModifiable": true,
            "truncatable": false,
            "joinable": true,
            "excludedFromSearch": false,
            "excludedFromCuration": false,
            "advancedSearchable": false,
            "reviewCriteria": false,
            "businessRoleCriteria": false,
            "excludedFromQuickSearch": false,
            "excludedFromSorting": false,
            "idmOnly": false,
            "reviewable": false,
            "readOnly": false,
            "excludedFromReview": false,
            "clobAttr": false
        },
        {
            "attributeId": 53,
            "attributeKey": "holderLink",
            "displayName": "Permission-Account or User Mapping",
            "multiValued": true,
            "attributeDataType": "STRING",
            "attributeState": "ACTIVE",
            "attributeType": "COLLECTED",
            "length": 2000,
            "extended": false,
            "used": true,
            "required": false,
            "searchable": false,
            "typeAheadSearchable": false,
            "quickSearchable": false,
            "sortable": false,
            "listable": false,
            "quickInfo": false,
            "curatable": false,
            "allowStaticMapping": false,
            "entityType": "PERMISSION",
            "entityTypeModifiable": true,
            "truncatable": false,
            "joinable": true,
            "excludedFromSearch": true,
            "excludedFromCuration": true,
            "advancedSearchable": false,
            "reviewCriteria": false,
            "businessRoleCriteria": false,
            "targetEntity": "CPermissionHolder",
            "excludedFromQuickSearch": true,
            "excludedFromSorting": true,
            "idmOnly": false,
            "reviewable": false,
            "readOnly": true,
            "excludedFromReview": false,
            "clobAttr": false
        },
        {
            "attributeId": 46,
            "attributeKey": "permissionId",
            "displayName": "Permission ID from Source",
            "multiValued": false,
            "attributeDataType": "STRING",
            "attributeState": "ACTIVE",
            "attributeType": "COLLECTED",
            "length": 0,
            "extended": false,
            "used": true,
            "required": true,
            "searchable": false,
            "typeAheadSearchable": false,
            "quickSearchable": false,
            "sortable": false,
            "listable": false,
            "quickInfo": false,
            "curatable": false,
            "allowStaticMapping": false,
            "entityType": "PERMISSION",
            "entityTypeModifiable": true,
            "truncatable": false,
            "joinable": false,
            "excludedFromSearch": false,
            "excludedFromCuration": true,
            "advancedSearchable": false,
            "reviewCriteria": false,
            "businessRoleCriteria": false,
            "excludedFromQuickSearch": false,
            "excludedFromSorting": false,
            "idmOnly": false,
            "reviewable": false,
            "readOnly": true,
            "excludedFromReview": false,
            "clobAttr": true
        },
        {
            "attributeId": 132,
            "attributeKey": "provNativeValue",
            "displayName": "Native Value for Provisioning",
            "multiValued": false,
            "attributeDataType": "STRING",
            "attributeState": "ACTIVE",
            "attributeType": "COLLECTED",
            "length": 255,
            "extended": false,
            "used": true,
            "required": false,
            "searchable": false,
            "typeAheadSearchable": false,
            "quickSearchable": false,
            "sortable": false,
            "listable": false,
            "quickInfo": false,
            "curatable": false,
            "allowStaticMapping": false,
            "entityType": "PERMISSION",
            "entityTypeModifiable": true,
            "truncatable": false,
            "joinable": false,
            "excludedFromSearch": false,
            "excludedFromCuration": false,
            "advancedSearchable": false,
            "reviewCriteria": false,
            "businessRoleCriteria": false,
            "excludedFromQuickSearch": false,
            "excludedFromSorting": false,
            "idmOnly": false,
            "reviewable": false,
            "readOnly": false,
            "excludedFromReview": false,
            "clobAttr": false
        },
        {
            "attributeId": 50,
            "attributeKey": "logicalId",
            "displayName": "Provisioning Application Logical ID",
            "multiValued": false,
            "attributeDataType": "STRING",
            "attributeState": "ACTIVE",
            "attributeType": "COLLECTED",
            "length": 255,
            "extended": false,
            "used": true,
            "required": false,
            "searchable": false,
            "typeAheadSearchable": false,
            "quickSearchable": false,
            "sortable": false,
            "listable": false,
            "quickInfo": false,
            "curatable": false,
            "allowStaticMapping": false,
            "entityType": "PERMISSION",
            "entityTypeModifiable": true,
            "truncatable": false,
            "joinable": false,
            "excludedFromSearch": true,
            "excludedFromCuration": true,
            "advancedSearchable": false,
            "reviewCriteria": false,
            "businessRoleCriteria": false,
            "excludedFromQuickSearch": false,
            "excludedFromSorting": false,
            "idmOnly": false,
            "reviewable": false,
            "readOnly": false,
            "excludedFromReview": false,
            "clobAttr": false
        },
        {
            "attributeId": 48,
            "attributeKey": "description",
            "displayName": "Permission Description",
            "multiValued": false,
            "attributeDataType": "STRING",
            "attributeState": "ACTIVE",
            "attributeType": "COLLECTED",
            "length": 2000,
            "extended": false,
            "used": true,
            "required": false,
            "searchable": false,
            "typeAheadSearchable": true,
            "quickSearchable": true,
            "sortable": true,
            "listable": true,
            "quickInfo": true,
            "curatable": true,
            "allowStaticMapping": true,
            "entityType": "PERMISSION",
            "entityTypeModifiable": true,
            "truncatable": true,
            "joinable": false,
            "excludedFromSearch": false,
            "excludedFromCuration": false,
            "advancedSearchable": true,
            "reviewCriteria": false,
            "businessRoleCriteria": false,
            "excludedFromQuickSearch": false,
            "excludedFromSorting": false,
            "idmOnly": false,
            "reviewable": false,
            "readOnly": false,
            "excludedFromReview": false,
            "clobAttr": false
        },
        {
            "attributeId": 47,
            "attributeKey": "name",
            "displayName": "Permission Name",
            "multiValued": false,
            "attributeDataType": "STRING",
            "attributeState": "ACTIVE",
            "attributeType": "COLLECTED",
            "length": 2000,
            "extended": false,
            "used": true,
            "required": false,
            "searchable": true,
            "typeAheadSearchable": true,
            "quickSearchable": true,
            "sortable": true,
            "listable": true,
            "quickInfo": true,
            "curatable": true,
            "allowStaticMapping": true,
            "entityType": "PERMISSION",
            "entityTypeModifiable": true,
            "truncatable": true,
            "joinable": false,
            "excludedFromSearch": false,
            "excludedFromCuration": false,
            "advancedSearchable": true,
            "reviewCriteria": false,
            "businessRoleCriteria": false,
            "excludedFromQuickSearch": false,
            "excludedFromSorting": false,
            "idmOnly": false,
            "reviewable": false,
            "readOnly": false,
            "excludedFromReview": false,
            "clobAttr": false
        },
        {
            "attributeId": 51,
            "attributeKey": "type",
            "displayName": "Permission Type",
            "multiValued": false,
            "attributeDataType": "STRING",
            "attributeState": "ACTIVE",
            "attributeType": "COLLECTED",
            "length": 255,
            "extended": false,
            "used": true,
            "required": false,
            "searchable": true,
            "typeAheadSearchable": false,
            "quickSearchable": true,
            "sortable": false,
            "listable": true,
            "quickInfo": true,
            "curatable": false,
            "allowStaticMapping": true,
            "entityType": "PERMISSION",
            "entityTypeModifiable": true,
            "truncatable": false,
            "joinable": false,
            "excludedFromSearch": false,
            "excludedFromCuration": false,
            "advancedSearchable": true,
            "reviewCriteria": false,
            "businessRoleCriteria": false,
            "excludedFromQuickSearch": false,
            "excludedFromSorting": false,
            "idmOnly": false,
            "reviewable": false,
            "readOnly": false,
            "excludedFromReview": false,
            "clobAttr": false
        },
        {
            "attributeId": 837,
            "attributeKey": "ext_safeID",
            "displayName": "Safe ID",
            "multiValued": false,
            "attributeDataType": "STRING",
            "attributeState": "ACTIVE",
            "attributeType": "COLLECTED",
            "length": 255,
            "extended": true,
            "used": true,
            "required": false,
            "searchable": true,
            "typeAheadSearchable": false,
            "quickSearchable": true,
            "sortable": false,
            "listable": true,
            "quickInfo": true,
            "curatable": false,
            "allowStaticMapping": true,
            "entityType": "PERMISSION",
            "entityTypeModifiable": true,
            "truncatable": true,
            "joinable": false,
            "excludedFromSearch": false,
            "excludedFromCuration": false,
            "advancedSearchable": true,
            "reviewCriteria": true,
            "businessRoleCriteria": false,
            "excludedFromQuickSearch": false,
            "excludedFromSorting": false,
            "idmOnly": false,
            "reviewable": false,
            "readOnly": false,
            "excludedFromReview": false,
            "clobAttr": false
        },
        {
            "attributeId": 131,
            "attributeKey": "assignable",
            "displayName": "Assignable Permission",
            "multiValued": false,
            "attributeDataType": "BOOLEAN",
            "attributeState": "ACTIVE",
            "attributeType": "COLLECTED",
            "length": 255,
            "extended": false,
            "used": true,
            "required": false,
            "searchable": false,
            "typeAheadSearchable": false,
            "quickSearchable": false,
            "sortable": false,
            "listable": false,
            "quickInfo": false,
            "curatable": false,
            "allowStaticMapping": true,
            "entityType": "PERMISSION",
            "entityTypeModifiable": true,
            "truncatable": false,
            "joinable": false,
            "excludedFromSearch": false,
            "excludedFromCuration": false,
            "advancedSearchable": false,
            "reviewCriteria": false,
            "businessRoleCriteria": false,
            "excludedFromQuickSearch": false,
            "excludedFromSorting": false,
            "idmOnly": false,
            "reviewable": false,
            "readOnly": false,
            "excludedFromReview": false,
            "clobAttr": false
        },
        {
            "attributeId": 120,
            "attributeKey": "cost",
            "displayName": "Permission Cost",
            "multiValued": false,
            "attributeDataType": "LONG",
            "attributeState": "ACTIVE",
            "attributeType": "COLLECTED",
            "length": 255,
            "extended": false,
            "used": true,
            "required": false,
            "searchable": true,
            "typeAheadSearchable": false,
            "quickSearchable": false,
            "sortable": true,
            "listable": true,
            "quickInfo": true,
            "curatable": true,
            "allowStaticMapping": true,
            "entityType": "PERMISSION",
            "entityTypeModifiable": true,
            "truncatable": false,
            "joinable": false,
            "excludedFromSearch": false,
            "excludedFromCuration": false,
            "advancedSearchable": true,
            "reviewCriteria": true,
            "businessRoleCriteria": false,
            "excludedFromQuickSearch": false,
            "excludedFromSorting": false,
            "idmOnly": false,
            "reviewable": false,
            "readOnly": false,
            "excludedFromReview": false,
            "clobAttr": false
        },
        {
            "attributeId": 163,
            "attributeKey": "excludeFromCatalog",
            "displayName": "Hide Permission from Catalog",
            "multiValued": false,
            "attributeDataType": "BOOLEAN",
            "attributeState": "ACTIVE",
            "attributeType": "COLLECTED",
            "length": 255,
            "extended": false,
            "used": true,
            "required": false,
            "searchable": false,
            "typeAheadSearchable": false,
            "quickSearchable": false,
            "sortable": false,
            "listable": false,
            "quickInfo": false,
            "curatable": false,
            "allowStaticMapping": true,
            "entityType": "PERMISSION",
            "entityTypeModifiable": true,
            "truncatable": false,
            "joinable": false,
            "excludedFromSearch": false,
            "excludedFromCuration": false,
            "advancedSearchable": false,
            "reviewCriteria": false,
            "businessRoleCriteria": false,
            "excludedFromQuickSearch": false,
            "excludedFromSorting": false,
            "idmOnly": false,
            "reviewable": false,
            "readOnly": false,
            "excludedFromReview": false,
            "clobAttr": false
        },
        {
            "attributeId": 133,
            "attributeKey": "provAttribute",
            "displayName": "Target attribute used for provisioning",
            "multiValued": false,
            "attributeDataType": "STRING",
            "attributeState": "ACTIVE",
            "attributeType": "COLLECTED",
            "length": 255,
            "extended": false,
            "used": true,
            "required": false,
            "searchable": false,
            "typeAheadSearchable": false,
            "quickSearchable": false,
            "sortable": false,
            "listable": false,
            "quickInfo": false,
            "curatable": false,
            "allowStaticMapping": true,
            "entityType": "PERMISSION",
            "entityTypeModifiable": true,
            "truncatable": false,
            "joinable": false,
            "excludedFromSearch": false,
            "excludedFromCuration": true,
            "advancedSearchable": false,
            "reviewCriteria": false,
            "businessRoleCriteria": false,
            "excludedFromQuickSearch": false,
            "excludedFromSorting": false,
            "idmOnly": false,
            "reviewable": false,
            "readOnly": false,
            "excludedFromReview": false,
            "clobAttr": false
        },
        {
            "attributeId": 172,
            "attributeKey": "provUniquePermissionId",
            "displayName": "Permission provisioned by this permission",
            "multiValued": false,
            "attributeDataType": "STRING",
            "attributeState": "ACTIVE",
            "attributeType": "COLLECTED",
            "length": 255,
            "extended": false,
            "used": true,
            "required": false,
            "searchable": false,
            "typeAheadSearchable": false,
            "quickSearchable": false,
            "sortable": false,
            "listable": false,
            "quickInfo": false,
            "curatable": false,
            "allowStaticMapping": false,
            "entityType": "PERMISSION",
            "entityTypeModifiable": true,
            "truncatable": false,
            "joinable": false,
            "excludedFromSearch": true,
            "excludedFromCuration": true,
            "advancedSearchable": false,
            "reviewCriteria": false,
            "businessRoleCriteria": false,
            "excludedFromQuickSearch": false,
            "excludedFromSorting": false,
            "idmOnly": false,
            "reviewable": false,
            "readOnly": false,
            "excludedFromReview": false,
            "clobAttr": false
        },
        {
            "attributeId": 121,
            "attributeKey": "risk",
            "displayName": "Permission Risk",
            "multiValued": false,
            "attributeDataType": "LONG",
            "attributeState": "ACTIVE",
            "attributeType": "COLLECTED",
            "length": 255,
            "extended": false,
            "used": true,
            "required": false,
            "searchable": true,
            "typeAheadSearchable": false,
            "quickSearchable": false,
            "sortable": true,
            "listable": true,
            "quickInfo": true,
            "curatable": true,
            "allowStaticMapping": true,
            "entityType": "PERMISSION",
            "entityTypeModifiable": true,
            "truncatable": false,
            "joinable": false,
            "excludedFromSearch": false,
            "excludedFromCuration": false,
            "advancedSearchable": true,
            "reviewCriteria": true,
            "businessRoleCriteria": false,
            "excludedFromQuickSearch": false,
            "excludedFromSorting": false,
            "idmOnly": false,
            "reviewable": false,
            "readOnly": false,
            "excludedFromReview": false,
            "clobAttr": false
        },
        {
            "attributeId": 741,
            "attributeKey": "collectedUniqueAppId",
            "displayName": "Unique Application ID",
            "multiValued": false,
            "attributeDataType": "STRING",
            "attributeState": "ACTIVE",
            "attributeType": "COLLECTED",
            "length": 1024,
            "extended": false,
            "used": true,
            "required": false,
            "searchable": true,
            "typeAheadSearchable": true,
            "quickSearchable": true,
            "sortable": true,
            "listable": true,
            "quickInfo": true,
            "curatable": false,
            "allowStaticMapping": false,
            "entityType": "PERMISSION",
            "entityTypeModifiable": true,
            "truncatable": false,
            "joinable": false,
            "excludedFromSearch": false,
            "excludedFromCuration": true,
            "advancedSearchable": false,
            "reviewCriteria": true,
            "businessRoleCriteria": false,
            "excludedFromQuickSearch": false,
            "excludedFromSorting": false,
            "idmOnly": false,
            "reviewable": false,
            "readOnly": false,
            "excludedFromReview": false,
            "clobAttr": false
        },
        {
            "attributeId": 252,
            "attributeKey": "staticPermission",
            "displayName": "Static Permission Flag",
            "multiValued": false,
            "attributeDataType": "BOOLEAN",
            "attributeState": "ACTIVE",
            "attributeType": "COLLECTED",
            "length": 255,
            "extended": false,
            "used": true,
            "required": false,
            "searchable": true,
            "typeAheadSearchable": false,
            "quickSearchable": false,
            "sortable": false,
            "listable": true,
            "quickInfo": false,
            "curatable": false,
            "allowStaticMapping": true,
            "entityType": "PERMISSION",
            "entityTypeModifiable": true,
            "truncatable": false,
            "joinable": false,
            "excludedFromSearch": false,
            "excludedFromCuration": true,
            "advancedSearchable": true,
            "reviewCriteria": false,
            "businessRoleCriteria": false,
            "excludedFromQuickSearch": false,
            "excludedFromSorting": false,
            "idmOnly": false,
            "reviewable": false,
            "readOnly": false,
            "excludedFromReview": false,
            "clobAttr": false
        },
        {
            "attributeId": 136,
            "attributeKey": "driverId",
            "displayName": "Provisioning Driver ID",
            "multiValued": false,
            "attributeDataType": "STRING",
            "attributeState": "ACTIVE",
            "attributeType": "COLLECTED",
            "length": 255,
            "extended": false,
            "used": true,
            "required": false,
            "searchable": false,
            "typeAheadSearchable": false,
            "quickSearchable": false,
            "sortable": false,
            "listable": false,
            "quickInfo": false,
            "curatable": false,
            "allowStaticMapping": false,
            "entityType": "PERMISSION",
            "entityTypeModifiable": true,
            "truncatable": false,
            "joinable": false,
            "excludedFromSearch": true,
            "excludedFromCuration": true,
            "advancedSearchable": false,
            "reviewCriteria": false,
            "businessRoleCriteria": false,
            "excludedFromQuickSearch": false,
            "excludedFromSorting": false,
            "idmOnly": false,
            "reviewable": false,
            "readOnly": false,
            "excludedFromReview": false,
            "clobAttr": false
        },
        {
            "attributeId": 54,
            "attributeKey": "parentPermissionId",
            "displayName": "Parent Permission ID",
            "multiValued": true,
            "attributeDataType": "STRING",
            "attributeState": "ACTIVE",
            "attributeType": "COLLECTED",
            "length": 0,
            "extended": false,
            "used": true,
            "required": false,
            "searchable": false,
            "typeAheadSearchable": false,
            "quickSearchable": false,
            "sortable": false,
            "listable": false,
            "quickInfo": false,
            "curatable": false,
            "allowStaticMapping": false,
            "entityType": "PERMISSION",
            "entityTypeModifiable": true,
            "truncatable": false,
            "joinable": false,
            "excludedFromSearch": true,
            "excludedFromCuration": true,
            "advancedSearchable": false,
            "reviewCriteria": false,
            "businessRoleCriteria": false,
            "targetEntity": "CPermissionHierarchy",
            "excludedFromQuickSearch": true,
            "excludedFromSorting": true,
            "idmOnly": false,
            "reviewable": false,
            "readOnly": true,
            "excludedFromReview": false,
            "clobAttr": false
        },
        {
            "attributeId": 55,
            "attributeKey": "childPermissionId",
            "displayName": "Link to Child Permission(s)",
            "multiValued": true,
            "attributeDataType": "STRING",
            "attributeState": "ACTIVE",
            "attributeType": "COLLECTED",
            "length": 0,
            "extended": false,
            "used": true,
            "required": false,
            "searchable": false,
            "typeAheadSearchable": false,
            "quickSearchable": false,
            "sortable": false,
            "listable": false,
            "quickInfo": false,
            "curatable": false,
            "allowStaticMapping": false,
            "entityType": "PERMISSION",
            "entityTypeModifiable": true,
            "truncatable": false,
            "joinable": false,
            "excludedFromSearch": true,
            "excludedFromCuration": true,
            "advancedSearchable": false,
            "reviewCriteria": false,
            "businessRoleCriteria": false,
            "targetEntity": "CPermissionHierarchy",
            "excludedFromQuickSearch": true,
            "excludedFromSorting": true,
            "idmOnly": false,
            "reviewable": false,
            "readOnly": true,
            "excludedFromReview": false,
            "clobAttr": false
        }
    ]
}