{"service-identifier":"EnhancedIDMAccountCollector","version":"3.7.0","collectorType":"ACCOUNT","class":"com.pointbluetech.ida.collector.idm.entitlement.IDMEntitlementCollectionService","allow-connection-test":true,"service-parms":[{"data_source_connection_parm":false,"name":"use_bridge_connector","display-name":"Use Cloud Bridge connector?","description":"Select 'No' if the collector will connect directly to the Identity Manager system.  Select 'Yes' if the collector will access Identity Manager via the Cloud Bridge.","data-type":"numeric","default-value":0,"required":true,"options":[{"value":1,"display-name":"Yes"},{"value":0,"display-name":"No"}]},{"conditional_param":{"use_bridge_connector":1},"data_source_connection_parm":false,"name":"data_source_conn_id","display-name":"Select a Cloud Bridge Data Source Connection","description":"Choose the Cloud Bridge Data Source Connection that provides connectivity for this collector","data-type":"numeric","default-value":0,"required":true,"options":[{"value":0,"display-name":"(Select a Data Source)"}]},{"data_source_connection_parm":false,"name":"server","display-name":"Host","description":"IP or DNS address of IDM Identity Vault Server","data-type":"string","required":true},{"data_source_connection_parm":false,"name":"port","display-name":"Port","description":"LDAP Service Port Number","data-type":"numeric","required":true,"default-value":636},{"conditional_param":{"use_bridge_connector":0},"data_source_connection_parm":true,"name":"user","display-name":"User Name","description":"LDAP-format User name used to connect to IDM Identity Vault Server","data-type":"string","required":true,"default-value":"cn=admin,ou=sa,o=system","credential-type":"user","credential-position":0},{"conditional_param":{"use_bridge_connector":0},"data_source_connection_parm":true,"name":"password","display-name":"Password","description":"Password","data-type":"password","required":true,"pwd_parms":"[\"server\",\"port\"]","credential-type":"password","credential-position":0},{"data_source_connection_parm":false,"name":"security-certificate","display-name":"Server Certificate","description":"Base-64 encoded certificate from target IDM Identity Vault Server","data-type":"string","required":false,"certificate-parm":true,"conn-parms":"[\"server\",\"port\"]","default-value":""},{"data_source_connection_parm":false,"name":"entitlement_dn","display-name":"Entitlement Distinguished Name","description":"LDAP Distinguished Name of Entitlement in IDM Driver","data-type":"string","required":true,"default-value":""},{"data_source_connection_parm":false,"name":"driver-name","display-name":"IDM Driver Distinguished Name","description":"LDAP Distinguished Name of the IDM Driver","data-type":"string","required":true,"default-value":""},{"data_source_connection_parm":false,"name":"search-class","display-name":"Object Class to Query","description":"Object class to be used in driver query","data-type":"string","required":true,"default-value":"User"},{"data_source_connection_parm":false,"name":"custom-query","display-name":"Custom XDS Query","description":"Custom query to use instead of the default on generated by the collector","data-type":"string","required":false,"default-value":""},{"data_source_connection_parm":false,"name":"chunk-request-ttl","display-name":"Batch Collection Session Timeout Value","description":"Number of seconds of idle time before a batched collection session is terminated","data-type":"numeric","required":true,"default-value":60},{"data_source_connection_parm":false,"name":"page-size-limit","display-name":"Batch Size Limit","description":"Maximum Paged Response Size","data-type":"numeric","required":true,"default-value":1000},{"data_source_connection_parm":false,"name":"ldap-read-timeout","display-name":"Driver Query Session Timeout Value","description":"Number of seconds before a driver query session is terminated","data-type":"numeric","required":true,"default-value":60}],"ecma-scripts":[],"views":[{"name":"account","display-name":"Account","allow-collection-test":true,"collection-required":true,"collect":true,"view-parms":[{"name":"search-class","display-name":"IDM Account Collection","description":"Collect the full IDM Role, Resource, and Entitlement Account Model","data-type":"string","required":true,"default-value":"Account","hidden":true}],"input-transforms":[],"schema-map-filter":{"generic-map":[{"view-name":"accountId","app-name":"association","required":true,"read-only":true,"hidden":false},{"view-name":"description","app-name":"description","required":false,"read-only":true,"hidden":false},{"view-name":"name","app-name":"displayName","required":false,"read-only":true,"hidden":false},{"view-name":"userLink","app-name":"GUID","required":false,"read-only":true,"hidden":false},{"view-name":"type","app-name":"entitlementDn","required":false,"read-only":true,"hidden":false},{"view-name":"disabled","app-name":"loginDisabled","required":false,"read-only":true,"hidden":false},{"view-name":"userId","app-name":"entryDn","required":false,"read-only":true,"hidden":false},{"view-name":"idmAccountId","app-name":"id","required":false,"read-only":true,"hidden":false},{"view-name":"logicalId","app-name":"liid","required":false,"read-only":true,"hidden":false}]}}]}