{
    "type": "USER",
    "export-version": "4.2.0 ",
    "export-date": "25-3-2024 01:05:24",
    "schema": [
        {
            "attributeId": 22,
            "attributeKey": "guid",
            "displayName": "Object GUID",
            "multiValued": false,
            "attributeDataType": "STRING",
            "attributeState": "ACTIVE",
            "attributeType": "COLLECTED",
            "length": 255,
            "extended": false,
            "used": true,
            "required": false,
            "searchable": false,
            "typeAheadSearchable": false,
            "quickSearchable": false,
            "sortable": false,
            "listable": false,
            "quickInfo": false,
            "curatable": false,
            "allowStaticMapping": false,
            "entityType": "USER",
            "entityTypeModifiable": true,
            "truncatable": false,
            "joinable": false,
            "excludedFromSearch": true,
            "excludedFromCuration": true,
            "advancedSearchable": false,
            "reviewCriteria": false,
            "businessRoleCriteria": false,
            "excludedFromQuickSearch": false,
            "excludedFromSorting": false,
            "idmOnly": false,
            "reviewable": false,
            "readOnly": false,
            "excludedFromReview": false,
            "clobAttr": false
        },
        {
            "attributeId": 1,
            "attributeKey": "userId",
            "displayName": "User ID from Source",
            "multiValued": false,
            "attributeDataType": "STRING",
            "attributeState": "ACTIVE",
            "attributeType": "COLLECTED",
            "length": 255,
            "extended": false,
            "used": true,
            "required": true,
            "searchable": false,
            "typeAheadSearchable": false,
            "quickSearchable": true,
            "sortable": false,
            "listable": true,
            "quickInfo": false,
            "curatable": false,
            "allowStaticMapping": false,
            "entityType": "USER",
            "entityTypeModifiable": true,
            "truncatable": false,
            "joinable": false,
            "excludedFromSearch": true,
            "excludedFromCuration": true,
            "advancedSearchable": false,
            "reviewCriteria": false,
            "businessRoleCriteria": true,
            "excludedFromQuickSearch": false,
            "excludedFromSorting": false,
            "idmOnly": false,
            "reviewable": false,
            "readOnly": true,
            "excludedFromReview": false,
            "clobAttr": false
        },
        {
            "attributeId": 835,
            "attributeKey": "ext_aDDN",
            "displayName": "AD DN",
            "multiValued": false,
            "attributeDataType": "STRING",
            "attributeState": "ACTIVE",
            "attributeType": "COLLECTED",
            "length": 255,
            "extended": true,
            "used": true,
            "required": false,
            "searchable": true,
            "typeAheadSearchable": false,
            "quickSearchable": true,
            "sortable": false,
            "listable": true,
            "quickInfo": true,
            "curatable": false,
            "allowStaticMapping": true,
            "entityType": "USER",
            "entityTypeModifiable": true,
            "truncatable": true,
            "joinable": false,
            "excludedFromSearch": false,
            "excludedFromCuration": false,
            "advancedSearchable": true,
            "reviewCriteria": false,
            "businessRoleCriteria": true,
            "excludedFromQuickSearch": false,
            "excludedFromSorting": false,
            "idmOnly": false,
            "reviewable": false,
            "readOnly": false,
            "excludedFromReview": false,
            "clobAttr": false
        }
    ]
}